New Cases Reported,Cases (1-day lag),Cases (7-day lag),Cases (14-day lag),Moving Avg (7 days),Moving Avg (14 days),Growth Rate (%),Temperature (?C),Humidity (%),Rainfall (mm)
549,560.1024282894043,594.6927380840117,391.0805324210373,577.3975831867081,492.88663525252446,-1.982213918,34.39819704323989,63.29770563201687,0
486,465.7074724272497,507.7442027340306,380.8764097661354,486.72583758064013,444.310306250083,4.3573549436487315,20.842892970704362,44.65447373174767,0
522,476.5913863076632,615.727300178496,667.8359527589521,546.1593432430795,641.781626468724,9.527787324092198,31.16794696232922,42.18455076693483,0
423,457.62850601586496,382.18557288672287,464.24815576904064,419.90703945129394,423.21686432788175,-7.566946893,21.23422152178822,50.80272084711243,0
453,411.79759237529476,421.3498559343035,422.74248733760123,416.57372415479915,422.04617163595236,10.005499883339562,20.426980635477918,63.14950036607718,0
506,555.2729579839724,561.1023413056434,414.5300809137747,558.187649644808,487.8162111097091,-8.873646245,15.110442342472048,62.618457138193364,0
593,572.9445057475242,489.4760406878449,525.7475100664326,531.2102732176845,507.61177537713877,3.500425268291782,21.503666440534943,59.18424713352256,0
567,573.948834204381,628.4553564136944,564.8892618831658,601.2020953090378,596.67230914843,-1.210706215,25.45465658763988,47.101640734341984,0
361,363.87652679198084,318.1220408517007,456.92208338285866,340.9992838218408,387.5220621172797,-0.790522768,26.97730932977072,57.79139732158818,0
471,463.1352370893885,543.2100007803148,421.3599029360904,503.17261893485164,482.2849518582026,1.6981568839456567,17.441759094013467,44.251913523079,0
474,472.5618812848316,510.4858718359952,408.4208677322995,491.52387656041344,459.45336978414736,0.3043238932557046,19.882510444955486,36.73164168691722,0
463,482.65625662700336,397.82569942736967,601.2723067465961,440.24097802718654,499.5490030869829,-4.072516694,20.335620285505698,69.06459823330611,0
480,467.4868277818949,430.49470814926576,567.30424983741,448.9907679655803,498.8994789933379,2.676689796261623,24.406012688920768,69.33692563579372,0
530,567.9860333102544,493.1032879027996,441.0366531258444,530.544660606527,467.069970514322,-6.68784637,29.22299064876036,62.380041845588615,0
393,370.1330293899843,399.5156214856934,439.16596136557035,384.82432543783887,419.3407914256319,6.178041080987211,19.571000435945994,36.99819708383745,0
547,588.8604159449138,478.8891153050938,474.42557792075405,533.8747656250039,476.6573466129239,-7.108716227,29.007156599455428,63.866445689532235,0
525,511.5896904889831,617.4280229161335,674.204108577925,564.5088567025583,645.8160657470293,2.6213017502755376,20.678419494749313,42.21455441377574,0
534,499.698265344838,505.4777323868989,612.2322355873226,502.5879988658684,558.8549839871107,6.864489439740332,29.418798485042586,42.32243167409557,0
475,468.7674647234907,446.51489746198837,516.354458178711,457.64118109273954,481.43467782034963,1.32955798888168,28.378481193261994,64.56670260287612,0
424,405.30671698436515,489.04058617635746,487.0196560795021,447.1736515803613,488.03012112792976,4.612132548584421,34.06143694047906,43.230012186820545,0
454,493.04552860082356,375.98756936227716,374.70945867842414,434.5165489815504,375.34851402035065,-7.919254173,28.42287033648101,44.34587125184656,0
577,553.517270576956,558.4854216678006,492.59884387240135,556.0013461223782,525.5421327701009,4.242456499788509,27.23027421731361,33.26376721600961,0
643,653.142025562272,627.175544440252,709.367682996888,640.158785001262,668.27161371857,-1.552805541,21.563053349494638,36.20166466910977,0
500,462.7060512651885,504.44865201096087,580.9980659295833,483.5773516380747,542.7233589702721,8.059965637544131,19.316420549936865,54.915619032760006,0
460,443.71199551059465,514.3142598374415,396.74970134833245,479.01312767401805,455.53198059288695,3.670850608999693,23.779428414112722,33.13825525369064,0
543,505.68906283407995,488.7527574813501,559.038047361254,497.220910157715,523.895402421302,7.378236926227931,29.291918454001248,56.40789506870925,0
527,554.1769800429445,424.63414740315255,405.6021689282869,489.40556372304854,415.1181581657197,-4.904025433,15.920052840435055,31.629152092758805,0
724,676.6796307629702,704.843437619317,679.910456622219,690.7615341911436,692.376947120768,6.99302403763434,27.31700196104433,55.40374603470575,0
500,508.5775581273464,588.0460482849916,522.6422533627637,548.311803206169,555.3441508238776,-1.686578181,22.763398524130437,55.73152873769413,0
575,540.0159805007692,475.95309920128807,437.26841047521214,507.9845398510286,456.6107548382501,6.478330412886922,15.364436513030995,33.77771843023714,0
623,647.5134508043733,655.132557417547,764.0990386564124,651.3230041109601,709.6157980369796,-3.785782484,29.701420876077716,62.13923721539394,0
370,360.529338348666,410.90911818981556,334.65838593616996,385.7192282692408,372.7837520629928,2.6268768291403197,33.61514651207129,64.33651007372048,0
614,662.5702524593335,586.7879322971104,433.7925908053419,624.6790923782219,510.29026155122614,-7.330581516,33.10763952838528,33.65146707144534,0
585,560.8056602886736,544.9075036165603,645.5539780830404,552.856581952617,595.2307408498004,4.314211040393637,30.0474905887536,61.66316174903394,0
681,643.2149080731743,652.8478963723383,841.1290769261909,648.0314022227562,746.9884866492646,5.874411717230767,17.93209643384051,50.533046747695714,0
540,549.9239837926987,507.64714128726774,607.4507073689567,528.7855625399832,557.5489243281122,-1.804610107,24.633339759282308,45.11950360489018,0
585,616.261797813703,660.5329423391461,670.7182915870976,638.3973700764245,665.6256169631218,-5.072811251,28.620788541938182,39.500258851698796,0
484,530.2607847354134,494.8425754812044,432.5081271558103,512.5516801083089,463.67535131850735,-8.724157258,15.868015665963455,66.98573320894384,0
584,630.8552556253476,477.8162744477646,507.2495016331175,554.335765036556,492.5328880404411,-7.427259297,34.008229681531176,65.61055135563666,0
393,399.5753703914786,326.61988493089564,504.8622956476821,363.0976276611871,415.7410902892889,-1.645589513,34.72421488959206,57.92646856078981,0
435,454.63759722978733,454.73424409282745,413.6614324718515,454.68592066130736,434.1978382823395,-4.319395789,33.65456966708027,64.64255558001634,0
339,345.3820625008748,322.84880015916656,434.5805885154903,334.11543133002067,378.7146943373284,-1.847826854,31.842378462714173,63.533148188445516,0
534,507.0167772661735,523.4362273022359,415.182676614539,515.2265022842047,469.30945195838746,5.321958551217892,34.08102054517445,54.246985378035205,0
691,693.8065242649043,766.2688034757307,699.3597875610325,730.0376638703175,732.8142955183816,-0.40451108,32.043630006370805,52.07627355097942,0
443,485.56899744318474,462.15316693882204,479.3200606872027,473.8610821910034,470.73661381301235,-8.766827715,26.096312170844513,33.64008364205321,0
753,782.7648658469157,842.2972988329718,734.6328878300807,812.5310823399437,788.4650933315263,-3.802529616,31.841828300374193,60.756709652615896,0
538,533.7088215066324,556.241666000258,505.81699782023884,544.9752437534452,531.0293319102484,0.8040298980357584,28.953351473938636,37.20269089397194,0
496,468.60582733790704,559.8432623499386,449.8965900399423,514.2245448439228,504.8699261949405,5.845888178069815,21.952384289653672,31.272187259406607,0
489,487.1560195387055,525.7306906639938,492.4201677747664,506.44335510134965,509.0754292193801,0.3785194860243329,18.139553654323876,45.0914386096829,0
396,416.5884683878568,400.95249542940775,448.39461618661204,408.7704819086323,424.6735558080099,-4.942159937,16.24682725022483,35.909563676249064,0
557,583.4469399588514,486.2128481244435,578.3771337526952,534.8298940416474,532.2949909385693,-4.532878339,31.814199717558623,33.568173148482245,0
531,528.8316192063014,548.8839705532895,606.4516406608193,538.8577948797954,577.6678056070543,0.41003236473511356,26.15484531900875,53.46141738643036,0
461,500.9863861506605,370.18933656192337,385.0270518472853,435.5878613562919,377.60819420460433,-7.981531486,22.30713639348115,49.51239203234952,0
433,391.2797988916961,467.1137252818643,562.1869879328289,429.19676208678015,514.6503566073466,10.662498096369093,32.93220525948041,53.0399367122264,0
523,499.98581319686576,579.3779216237532,424.79432829735083,539.6818674103095,502.086124960552,4.602967963427508,21.473584728084873,47.01745754465667,0
527,572.5343116738809,489.1913741072256,556.6858354478077,530.8628428905532,522.9386047775166,-7.953114904,22.38460963019792,48.170718888763986,0
600,581.8641919851594,703.0869946194781,719.0229868035825,642.4755933023188,711.0549907115303,3.1168455224863054,34.300538213330256,34.97188893942179,0
442,472.2176638654313,378.31175618752803,520.3048911052429,425.26471002647963,449.3083236463855,-6.399096471,19.032546400954892,36.54623771462818,0
442,452.9705765056745,449.0332917465072,425.7550879129875,451.0019341260909,437.39418982974735,-2.421918128,26.549725418122513,44.214498072735836,0
431,442.00843417475625,402.5377279668817,337.7157579907519,422.273081070819,370.12674297881676,-2.490548443,30.88050378540592,54.80291023714054,0
547,554.645931524922,604.4259604400631,670.6544819852062,579.5359459824926,637.5402212126346,-1.378524765,31.841634974318147,62.850292186880516,0
658,622.3694836126156,716.496876001055,744.8704246283902,669.4331798068354,730.6836503147226,5.724978059747239,37.82295265770595,57.757937778684,0
571,622.0797573836694,491.82546047171274,600.5423404489547,556.952608927691,546.1839004603337,-8.211126753,35.11777357768932,54.45816941738592,0
656,683.189708821918,564.8262448607022,686.0270985616577,624.0079768413101,625.42667171118,-3.979818266,37.13430092765712,46.96522685209544,0
437,426.451318038897,479.69483914220694,359.80302575609215,453.073078590552,419.74893244914955,2.4735958161913443,40.755797774289846,54.14886126920556,0
450,487.6609252445371,465.6722803445821,323.8686009657284,476.6666027945596,394.7704406551552,-7.722768689,43.25498925758258,39.929057710286074,0
230,230.6979893907134,273.74980104281354,224.34048034634782,252.22389521676348,249.04514069458068,-0.302555472,36.14610737780096,64.42528071562936,0
494,523.6184637809379,464.2388710121482,484.58391395002485,493.928667396543,474.4113924810865,-5.656497207,37.49951974102105,45.10903789760677,0
428,398.488565051669,373.54609594079045,520.9065474762713,386.01733049622976,447.22632170853086,7.405842359492665,43.922309242672654,44.93237265119012,0
510,500.6144185272142,520.5514094329053,434.6899005972511,510.58291398005974,477.6206550150782,1.8748124555416898,28.922261993869057,50.220315164241356,0
509,556.0977006288863,599.4818201275328,399.38639661671374,577.7897603782096,499.4341083721233,-8.469321232,33.127846165470444,42.95960244427199,0
486,499.8923647833054,525.6471286709262,605.7379594323526,512.7697467271158,565.6925440516394,-2.779071209,37.495225420865026,43.434634285993404,0
467,508.8855388702655,516.2415623490433,366.15971184975996,512.5635506096544,441.20063709940166,-8.230836931,42.36935951795826,49.497247929980546,0
490,503.08086554296244,442.54598634490765,383.97068577741027,472.81342594393504,413.25833606115896,-2.600151673,41.69860473598598,69.37608722814208,0
529,534.732032666171,561.0405541752544,633.6600484966658,547.8862934207127,597.3503013359601,-1.071944884,29.128425435212066,30.439833146339218,0
562,525.5117317172758,655.159805443931,534.609420993607,590.3357685806034,594.884613218769,6.94337844057016,32.66277056498995,50.7567082113135,0
537,521.4992497483356,584.0510604335759,471.63261677378694,552.7751550909558,527.8418386036815,2.9723437299564126,36.32809280593794,49.04201608796399,0
488,497.2796060363449,400.4383187921257,486.936037180522,448.8589624142353,443.68717798632383,-1.866074121,36.93685697833779,43.369755632678434,0
288,306.38029349803395,322.4927092572264,321.64355016364493,314.4365013776302,322.06812971043564,-5.999176151,30.44290274459925,53.609226674763484,0
464,434.78033579622394,471.7768158334233,567.8281207079921,453.2785758148236,519.8024682707077,6.720557899718573,39.644497728191226,62.26244591445799,0
583,529.2971662055678,630.9401302306585,731.7518614319999,580.1186482181131,681.3459958313292,10.146064861714214,28.611506902546672,52.717809222105174,0
636,692.5106974152288,629.4400967176588,774.155475617522,660.9753970664437,701.7977861675904,-8.160263463,41.8909879707014,42.76401892973023,0
634,662.500426629847,523.7743680266118,563.7364445107642,593.1373973282293,543.7554062686879,-4.301948419,35.78982584750675,61.628926593558546,0
629,675.558438336737,508.55138376995745,770.4124112710169,592.0549110533473,639.4818975204872,-6.891844687,35.57874268054424,67.56270794051585,0
497,520.6156807779358,445.0688965787385,380.8433805357819,482.8422886783371,412.95613855726015,-4.536106316,32.092443152815534,41.489559666163274,0
444,434.3767564799836,377.3001101759217,565.5891418298309,405.83843332795266,471.44462600287625,2.2154140101784736,40.95978644286767,40.35930606407255,0
598,586.2289962764884,678.8079158797523,501.32822745484077,632.5184560781204,590.0680716672965,2.007919055228712,41.61285035501249,34.81355048139984,0
478,490.4067694384323,423.76115320458905,483.2370731627893,457.0839613215107,453.49911318368913,-2.529893593,36.94548144860682,51.00126003441073,0
642,653.9334876336748,662.5661381727499,484.64072976561516,658.2498129032124,573.6034339691826,-1.82487789,42.549217252607605,40.624001703548245,0
442,446.49579156184797,368.97925915233736,417.7217921063493,407.73752535709264,393.35052562934334,-1.006905697,32.45377034024628,40.39015135041305,0
504,502.0431269945262,522.6294093873588,602.1835240957652,512.3362681909425,562.406466741562,0.38978185344128014,31.95618415804386,57.12064610236254,0
436,468.0280543236948,472.33850313910204,524.1626866999366,470.18327873139845,498.2505949195193,-6.843191135,38.94942923338567,57.205630870412016,0
407,384.9100881481288,473.53657314905314,285.1735312234427,429.22333064859095,379.3550521862479,5.738979707741541,36.12363470079514,60.26543215139739,0
559,573.9818376065365,567.9407309044653,652.8601455336936,570.9612842555009,610.4004382190794,-2.610158828,27.139612776539167,60.44111610008112,0
618,564.5846605053993,568.798193749253,695.1902104696704,566.691427127326,631.9942021094616,9.46099730141179,26.347012029375435,53.28681840705093,0
476,499.76685438192646,405.5684201208723,549.7599687573289,452.66763725139936,477.6641944391006,-4.755588366,25.49173832917603,30.88494206115989,0
613,607.0400491828183,530.5205609561973,721.430952030224,568.7803050695078,625.9757564932106,0.9818052079438339,38.87364451562977,38.83078451155042,0
454,474.99932208121066,528.3696511881238,551.3448890859967,501.6844866346672,539.8572701370603,-4.420916221,44.29040944540417,60.40376313752389,0
495,501.21227834799487,489.3634271002975,507.8401433196176,495.2878527241462,498.60178520995754,-1.239450551,28.18491476558529,38.148049971050966,0
524,475.0087436106832,612.209708902168,560.67485888532,543.6092262564256,586.4422838937439,10.313758861977915,40.93074581952352,49.260894060502004,0
663,632.368525428094,741.9126734889823,587.5619872597977,687.1405994585382,664.73733037439,4.8439277636674625,34.10440298163603,30.464821596324025,0
650,696.8159116345967,722.761257112271,470.4513418858593,709.7885843734339,596.6062994990651,-6.71854802,34.61013894515658,34.197207136726995,0
516,498.09080701078,519.6556831946044,388.4034681352404,508.8732451026922,454.0295756649224,3.595567863759509,32.01253862418361,31.32812435165466,0
408,370.5605732147886,435.8069068034401,518.539433722184,403.18374000911433,477.17317026281205,10.103456625297898,27.484399334561186,65.84885210740154,0
681,734.7740285554439,693.9641632642778,810.647868806675,714.3690959098608,752.3060160354764,-7.318444374,34.046365690366,55.743107807860994,0
535,574.7808416253656,474.9117932946215,687.7527471179412,524.8463174599935,581.3322702062814,-6.921045161,31.737915835422136,37.28471662754797,0
443,456.3188558103386,389.75892230464456,490.90466683823723,423.0388890574916,440.3317945714409,-2.918760783,26.443968179583518,31.226100088232243,0
491,475.87081626811175,465.67201305017596,634.6615614766426,470.77141465914383,550.1667872634093,3.1792627777712403,25.80218382824965,64.68125984489794,0
459,467.4777601648707,534.7099102552245,379.31636685216057,501.0938352100476,457.01313855369256,-1.813510906,37.45933167126965,55.26240880370082,0
507,474.6510630047423,578.8692969353507,504.65092393149223,526.7601799700465,541.7601104334215,6.815309079995571,29.94462148806354,64.82999605090046,0
654,674.501155722001,608.2697208011801,761.3108545194222,641.3854382615906,684.7902876603011,-3.039454499,27.617473214366996,68.79284180314178,0
680,724.7281377600349,661.2014064360112,577.475423215753,692.9647720980231,619.3384148258822,-6.171712595,37.3428997320806,58.27108867541783,0
370,396.9519971478885,378.6047569398917,378.8590963694911,387.7783770438901,378.7319266546914,-6.789737132,25.683755318783163,69.46771921428646,0
348,319.36346866193765,292.78060683166296,365.6792422524125,306.07203774680033,329.22992454203774,8.966752352121892,38.76415731733191,45.89515953857604,0
513,474.6010791113622,437.63304696371574,403.2823390357251,456.11706303753897,420.4576929997204,8.090778251186348,43.79639583853684,59.31595673365367,0
545,562.617926190455,649.3416206533157,503.8950428547122,605.9797734218853,576.618331754014,-3.131419276,25.350319817241246,39.76589161689497,0
520,537.3650377670544,536.0545292360437,472.7549841794948,536.709783501549,504.40475670776925,-3.23151611,28.1857489048561,54.19815690762164,0
605,557.7022654436557,641.4238187655952,701.2642838337498,599.5630421046255,671.3440512996725,8.480821665430858,43.51349661761424,47.526893856479504,0
572,556.7231995892879,548.2443118401976,639.0843453359607,552.4837557147428,593.6643285880791,2.7440567272896605,32.771162025406916,47.94774490490123,0
563,592.2021713241147,563.100283616243,577.3104460301556,577.6512274701788,570.2053648231993,-4.931115207,44.029571193319825,63.886694454902965,0
361,376.5584434925677,364.0662087308823,430.8304145157748,370.312326111725,397.44831162332855,-4.131747345,33.61724183076067,65.8685715936049,0
335,308.2951955060975,333.10681573096764,286.1120901118221,320.7010056185326,309.6094529213949,8.66208908966741,30.697458039238455,42.29159859705146,0
745,688.8601754716527,852.1059063976155,879.0021496545377,770.4830409346341,865.5540280260766,8.149669051474653,28.69170259074066,41.8111315688124,0
597,581.8970561547835,603.3280075639229,458.1274161680987,592.6125318593532,530.7277118660108,2.5954666182739947,25.051680296899647,55.5194082317319,0
471,446.2132066553963,523.8510070719435,407.36018564590324,485.0321068636699,465.6055963589234,5.554921498266229,41.45228637027357,46.94953014595051,0
540,565.5823644539718,618.3641687493374,448.2236952294113,591.9732666016546,533.2939319893744,-4.523189912,26.914291110403234,30.945543441853456,0
429,437.32662546965037,459.1743576569937,414.25534724905026,448.25049156332204,436.714852453022,-1.903983198,33.91581829154458,58.980674055944725,0
435,398.40948510204186,362.90453542977895,537.8838182873349,380.6570102659104,450.3941768585569,9.184147533180962,28.83734649437486,42.93486248462083,0
616,638.1922539119453,549.6763122075486,600.0549551477842,593.9342830597469,574.8656336776664,-3.477361841,28.806497256381355,32.09355503146033,0
344,315.70719671461444,407.5252052673823,371.85575340998923,361.6162009909984,389.6904793386858,8.961722627742637,40.09675639881696,36.8191175269567,0
488,450.8953105969223,580.5569355081886,347.4637170150814,515.7261230525555,464.010326261635,8.22911406063556,39.74360450014486,60.743992191540336,0
409,417.874188555571,410.118767445831,325.39320665989777,413.996478000701,367.7559870528644,-2.123650802,26.262180661583002,34.70596113894234,0
421,429.47004286896396,423.6404156240902,526.9384124339618,426.5552292465271,475.28941402902603,-1.972208076,34.9392696581166,69.6863205929325,0
366,392.9417497158654,410.7874785772197,429.69068381303066,401.8646141465425,420.2390811951252,-6.856423308,31.093582781960816,33.23677132205009,0
571,550.1620913475234,674.4189553041356,682.4137829165736,612.2905233258296,678.4163691103546,3.7875944162997244,38.32613771670079,34.87047644501099,0
512,492.7299720279306,513.257853509682,493.41799074803,502.99391276880635,503.337922128856,3.910869860982814,27.11329368523488,55.63305258760825,0
504,529.6287572698614,528.0907466837697,442.72016658682,528.8597519768155,485.40545663529485,-4.839004098,33.60674355017842,36.82659034199994,0
476,488.67965239648186,424.38153276279525,399.64356581350165,456.53059257963855,412.0125492881484,-2.594675742,29.416052595712785,36.950103826491784,0
244,243.1037805109013,212.4641853660402,227.46833051313635,227.78398293847073,219.96625793958827,0.3686571583606137,44.27644550964702,39.943210308597685,0
593,559.2229420212444,477.27504774553154,500.91947861391685,518.2489948833879,489.0972631797242,6.039998619633244,44.517475098201075,62.06148447531958,0
487,522.5179221944767,437.0295082452681,531.3298513195849,479.77371521987243,484.17967978242655,-6.7974553,41.21371855972532,54.563252447389445,0
456,496.3862000968895,512.3403434024661,340.1076527422508,504.36327174967784,426.2239980723585,-8.13604409,30.587354278694328,67.21275539351295,0
558,518.9588604911818,610.9952171786356,562.0918990880834,564.9770388349086,586.5435581333595,7.522973877325602,38.604555584167066,31.66691602409537,0
550,576.1259195404908,517.7153098704541,482.8567418249262,546.9206147054724,500.28602584769015,-4.534758575,31.994064594916992,60.986141247247275,0
438,472.9437121829463,487.49135878360187,366.4769873303293,480.2175354832741,426.9841730569656,-7.388556245,44.519816991975844,56.69401592185714,0
619,596.990279326445,526.207832039168,609.4684312191679,561.5990556828065,567.838131629168,3.686780410962044,27.279132694286343,49.440620119101595,0
574,559.7639837652627,585.5011095291927,535.6520238481194,572.6325466472276,560.576566688656,2.5432176144986185,28.27367602930603,40.95165230056426,0
559,531.9926551486253,568.8421071052633,604.6381341549834,550.4173811269443,586.7401206301233,5.0766386697255275,29.421267429074568,69.13589115202385,0
588,614.8065879835355,495.78836168484844,653.3731400856801,555.2974748341919,574.5807508852643,-4.360166027,26.837417754200892,68.60518968507986,0
573,549.7990525211369,587.9030407632865,637.9387668448212,568.8510466422117,612.9209038040539,4.219895864220527,42.46645831721615,55.45165415916992,0
380,372.5135680054579,425.61078724227224,312.5201246953889,399.06217762386507,369.0654559688306,2.0097071992911717,36.101698986045726,59.32285184118699,0
476,500.8463203546746,387.5232819806215,546.18156834804,444.18480116764806,466.8524251643307,-4.960867105,29.04961120330475,68.32293920477521,0
612,639.1814828360151,706.5407270578503,646.1658795133872,672.8611049469328,676.3533032856187,-4.252545414,32.830513963556584,46.50487363394495,6.956181464968068
578,579.1686827648642,629.6511818095605,440.7148357267557,604.4099322872123,535.1830087681581,-0.20178625,29.508775109273877,58.11773763914707,0.5280396046852809
602,631.6093951411665,718.0581810594318,497.194928542135,674.8337881002992,607.6265548007834,-4.68792823,41.5026133533223,50.811863076746164,3.7346259614417345
559,588.8045969800297,611.236499597461,491.73335341897877,600.0205482887454,551.4849265082199,-5.061882521,28.469601485319146,55.50213057880919,4.961663841132195
477,522.7582966142324,413.1381163731093,534.3121107930219,467.9482064936709,473.72511358306565,-8.753241586,36.71620291943804,53.45916368754828,6.976706275200751
404,402.45720486084804,393.52515251966565,510.01443851792556,397.99117869025685,451.7697955187956,0.3833438985606913,39.12038015328049,55.24682583826825,0.49842027782941556
212,218.65489862572673,250.7209198678772,157.17145968053674,234.68790924680195,203.94618977420697,-3.043562558,26.141094423025088,41.287482987728005,2.6170568373590597
483,509.7302398018706,399.02874164143924,479.39813192654674,454.3794907216549,439.21343678399296,-5.243997259,25.672272003665654,32.50612813821418,9.06437453344411
368,335.0461799154514,356.04637656771655,315.04284024442086,345.546278241584,335.54460840606873,9.83560537620948,39.61641929961459,69.25188361988987,2.565300624442478
390,378.2614970227719,329.7989424425176,308.3917579239747,354.03021973264475,319.0953501832462,3.1032772485753246,29.5063385990247,40.038666453611924,8.506160578411379
537,492.077302133204,528.0429778003554,532.0691437133012,510.06013996677973,530.0560607568283,9.129195285385373,28.315490803265515,67.82792588001129,8.49975371480662
503,488.5109214037622,599.1860377762739,591.7260963998642,543.8484795900181,595.4560670880691,2.965968202840307,34.94511860629376,43.591098862475405,8.721357000224765
616,671.0257959573917,630.8289084635783,708.6696257869587,650.927352210485,669.7492671252685,-8.200250466,36.1596147756528,52.10054459130901,0.941519101256979
423,414.3184656350578,354.20462885822,408.0441137640489,384.2615472466389,381.1243713111345,2.0953771277452815,28.9121854608903,37.46893183092166,0.9403610443426635
418,434.37716627891194,467.0332977932761,372.0438286085357,450.705232036094,419.5385632009059,-3.770264082,42.14358513997506,66.24573019063065,2.769044873778089
593,570.8410125853297,663.8263242091886,759.4275410733858,617.3336683972591,711.6269326412871,3.8818141875112593,42.13747872150188,34.70575952637301,7.397303320855406
492,458.763767128996,396.0811599312294,509.6398778100506,427.42246353011274,452.86051887064,7.244737978982238,35.54799244245353,58.774144894766344,8.902580530178021
545,573.2944827024949,651.3982935303047,676.2237955233102,612.3463881163998,663.8110445268074,-4.93541863,38.03335837412852,42.56243179970928,2.5432198117831675
450,486.48238868500835,493.14083413081744,366.6403128369384,489.8116114079129,429.8905734838779,-7.499220842,37.27554837631398,47.42021817592637,5.77249730768613
599,578.0474610487175,643.643996325989,444.3290286495686,610.8457286873532,543.9865124877788,3.624709104901093,28.497628743519186,64.22949035623145,2.271795570235149
586,637.3693247221622,673.0103306424594,679.5483754298124,655.1898276823108,676.279353036136,-8.05958535,40.76894686506597,56.59939613903981,2.60286857566003
462,451.0609432437293,393.41124197764714,437.8173850325424,422.2360926106882,415.61431350509474,2.425183762886741,41.04708658318528,49.16280252413405,0.18000088945214987
533,569.1865329527818,635.7194814031658,571.8059702216788,602.4530071779739,603.7627258124223,-6.35758769,36.18369613658653,55.129524418531254,5.32675886761555
519,468.3875389655853,512.5162296304314,457.1140022006641,490.4518842980084,484.8151159155478,10.805680515367735,36.96714968595518,41.88951230834469,2.9991911150698467
434,463.3516095323071,396.72640273883013,415.55914732041134,430.0390061355686,406.14277502962074,-6.334629885,30.355533509766683,61.56643386354926,5.73349345635218
514,465.95597565169476,589.7741896994514,379.7494379600666,527.8650826755731,484.76181382975903,10.310850565036745,44.11648967441505,31.00567833109091,6.944504561307088
434,429.24736254631966,484.1360730139704,470.3532881306683,456.69171778014504,477.24468057231934,1.1072024823839153,38.528527246767844,35.26773753888154,2.3418444681548567
316,301.39820537623297,304.24124937777094,390.2246109622169,302.819727377002,347.2329301699939,4.844685324366723,25.05842065242724,31.590638599542782,6.0407167707121925
457,454.64996162741727,473.61056826434634,467.1474533059424,464.1302649458818,470.3790107851444,0.5168896009956274,42.082719953010084,31.979874139746663,8.333170714730125
430,390.8173484066935,391.7853965184583,511.7040012662853,391.3013724625759,451.7446988923718,10.02582197362747,30.69124603525795,62.7282667499299,5.315994646044309
607,593.6305036471035,662.8100829884106,746.2185661297435,628.2202933177571,704.5143245590771,2.252157911488366,38.41886009485016,40.326930167646765,6.746078529162162
502,535.0905907092712,409.74419449897204,613.9252354592151,472.4173926041216,511.8347149790935,-6.184109996,30.13388456620092,56.61168407912221,8.003548790234067
411,424.85667156062357,440.3733408769696,376.94946974061753,432.61500621879657,408.6614053087936,-3.261493225,36.87321582417077,30.405247361109737,6.360960464095422
469,428.3324326005717,475.37229784996055,368.297386635479,451.8523652252661,421.8348422427198,9.494393677480785,25.234132214618082,46.88137040510556,2.9504070765415626
481,470.16716674132505,548.6942539745476,453.2649235994977,509.4307103579363,500.97958878702264,2.3040386536890876,26.552292894628817,51.70137474129006,8.617424949182954
423,429.9540139618621,401.2023740456466,448.65262353389915,415.57819400375433,424.92749878977287,-1.617385519,39.11171725287649,57.536200739685476,3.7455288702012135
544,558.8949721390761,509.31546664808906,404.2067605198733,534.1052193935826,456.76111358398117,-2.665075351,33.19257789790464,42.44869980253574,6.7712063973500936
397,368.45990562572183,394.7116443059124,284.45924667290666,381.5857749658171,339.5854454894095,7.745780188976364,35.109102358209,68.56069628470809,3.8420671298580023
323,352.45235635051364,298.964499885154,398.27263169342245,325.7084281178338,348.61856578928825,-8.356407843,37.05885752958923,63.0682943896595,9.840131632104644
354,329.5134690570369,361.60554632669437,362.8581021558848,345.55950769186563,362.2318242412896,7.431116856326325,40.2380362520974,63.34599847750342,4.404413503124241
554,537.0782959245803,571.831620380203,434.0689835273092,554.4549581523917,502.95030195375614,3.1506959420672547,33.880874984044056,55.04937285684255,4.888978317924514
584,549.1132541936603,559.5041768265448,422.6266203249711,554.3087155101025,491.06539857575797,6.353287876390601,34.510920749736535,51.720983358306526,2.277497361032096
666,705.1888602515809,606.2644801821615,816.6853961748683,655.7266702168712,711.4749381785149,-5.557214877,43.88084187650796,35.951838776204625,4.626756050653935
656,617.0628695504946,724.6958454175078,611.3423434855438,670.8793574840013,668.0190944515258,6.310075094596036,35.22550924401502,49.693019200047274,5.772790292331313
489,445.9163194352201,391.8196311823853,530.1341846115937,418.86797530880267,460.9769078969895,9.661830860854788,30.968698247237533,39.61529554797935,3.1189908000428046
595,539.1353853941123,683.5475045503878,604.7197465598088,611.34144497225,644.1336255550982,10.361889818278247,37.650882199316555,55.77881108484135,8.197978049847276
410,429.50530052204556,464.7997139081108,469.1571284605657,447.1525072150782,466.97842118433823,-4.541341049,27.85700574601677,60.13711689027876,7.689227821076409
431,394.59337264869237,415.0604185499911,406.9777380878873,404.8268955993417,411.0190783189392,9.226365639881276,26.320196882804833,43.952821358779175,1.1099809879131484
672,711.5828891795567,727.6648450892884,490.6511278222742,719.6238671344225,609.1579864557813,-5.562653316,26.45803670735807,46.11493130530548,2.9529049404794327
567,576.4413996445236,644.6179332708074,583.6631489000465,610.5296664576655,614.140541085427,-1.637876747,29.385479238477515,31.34676712855491,2.1462807325880284
414,425.351121310299,418.3517130320064,404.8521028410333,421.85141717115266,411.60190793651986,-2.668647323,29.69306883551699,42.127762378441844,2.8997011894360902
533,493.9661034957673,560.6217009773183,390.4753847363646,527.2939022365427,475.54854285684144,7.902140699127378,39.972904682524,42.70347181044467,0.0013469300448532007
570,597.4630624013362,528.109594138282,433.8471967185766,562.786328269809,480.9783954284293,-4.596612599,32.20467837600856,40.81573145538102,8.427119021605549
593,613.7716112523506,501.9205800157858,430.14740437342994,557.8460956340682,466.0339921946079,-3.384257413,36.29258101994526,67.20683861753699,8.442487024058185
596,593.0684676557288,628.0265939471511,774.6091303619095,610.54753080144,701.3178621545303,0.49429914152389803,27.096161299951444,49.94283198022836,3.8512011990250006
623,583.878465800706,635.9756856716217,591.5251057569689,609.9270757361638,613.7503957142953,6.700287215704119,39.39307633221061,44.84646459142967,8.697631766817107
472,494.38191436078574,561.6029339801103,345.18265174553596,527.992424170448,453.3927928628231,-4.527251849,38.64387761253221,48.72616565204122,5.791752553747221
536,493.10572322579833,576.3167287584414,452.9914649510133,534.7112259921198,514.6540968547274,8.698799213603921,43.221374055347674,63.530614381828194,7.093829670873909
478,434.18239183738444,458.43021721799727,553.230230383892,446.3063045276908,505.8302238009446,10.091981845967325,34.098377790151744,40.69010519174381,2.1980534882319
236,220.97808980148665,229.9119198445748,212.2252701396681,225.44500482303073,221.06859499212146,6.797918387297189,31.83607410984365,59.56106231151835,2.2326338550519633
598,573.0208520351074,527.9371044278358,473.2552094957692,550.4789782314716,500.59615696180254,4.359204010845001,42.98910425092203,58.40541727192263,9.373784381643208
364,345.0107590225473,368.4753589297633,396.96908198978707,356.7430589761553,382.72222045977514,5.503956175526606,37.891823494846875,52.45174171793611,7.769280103272255
433,435.3611646672612,503.39211094998046,345.6762899781693,469.37663780862084,424.53420046407484,-0.542346185,37.856378296003484,62.39440749442345,9.473952495864468
440,477.8933988264953,439.52699052573917,368.78624306757587,458.7101946761172,404.15661679665754,-7.929257638,25.891276468973583,46.62568746743623,3.019167000775018
500,468.0307935422778,491.719588702768,518.2623390087853,479.8751911225229,504.9909638557766,6.830577581394623,42.27923161470021,49.2533350614266,8.976746726779567
337,316.57279248016107,397.8527384367749,437.0524612399153,357.21276545846797,417.4525998383451,6.45260995419215,39.234456114920974,69.24574927167288,5.695397795671036
582,629.4794195959478,685.2937308085473,742.6793530583822,657.3865752022475,713.9865419334647,-7.542648436,35.42919277442944,69.09231631966014,7.573102071344389
491,457.87711484200116,503.7827553657213,571.0212879742978,480.8299351038612,537.4020216700096,7.234011939956531,34.97791329071884,30.4841246710443,0.09038469079292177
589,560.0001230068588,529.1122327005297,554.6369384165598,544.5561778536942,541.8745855585448,5.17854832556636,42.89285595155269,30.017711257488315,9.013830966419349
288,295.8015539899885,240.85114009746405,207.23638147342268,268.3263470437263,224.04376078544337,-2.637428332,26.15405856831798,47.77461396966058,2.755479392194834
431,471.89088697415207,349.54430751820763,518.8764595308344,410.7175972461798,434.21038352452103,-8.665326689,40.03544346078186,39.14777637601459,9.563200933875276
579,570.6047120677954,538.7799806038482,696.9977643932339,554.6923463358219,617.8888724985411,1.4712966357710588,27.876287006296273,47.204115061192,9.037575717751421
481,461.34582764280236,499.04759730777005,346.16885752351635,480.1967124752862,422.6082274156432,4.260182097585785,37.720849375599364,44.57416953712928,2.9524180248964216
592,624.4304966576468,557.0962970839536,707.3646465498699,590.7633968708002,632.2304718169117,-5.193611912,35.31318811712907,48.53174613091187,0.45403281468692547
449,469.03691899465343,395.22062109270774,369.1440149109895,432.12877004368056,382.1823180018486,-4.271927898,25.201812133780493,47.49927706432839,8.82734380673422
491,516.4405698351725,512.5315306894156,607.6736195790168,514.486050262294,560.1025751342162,-4.926136969,41.360534982773856,40.112544243568024,2.7143857763420023
578,564.2077271421961,558.2253982326962,666.028140157405,561.2165626874462,612.1267691950507,2.4445381008275167,25.41342737783809,40.76078587193242,5.17596301315522
474,438.9184420910008,485.39338583526785,553.8401390503362,462.15591396313437,519.616762442802,7.992728157393242,39.16979394985594,36.88356917181038,9.724199990401033
553,528.0123177812463,620.9240839353147,451.880832060964,574.4682008582805,536.4024579981393,4.732405168832817,31.906839044897758,43.42441817079371,9.785254683891406
588,573.9488826806996,508.74591124631024,688.9733541177012,541.3473969635049,598.8596326820057,2.448147865306904,39.68887864151183,45.374201540965394,0.2519341395922936
525,528.600507948836,533.5542590979519,502.82272222646037,531.077383523394,518.1884906622062,-0.681139707,31.176688480146815,49.29057445008769,1.1849235876840059
467,483.54603532354673,490.3554519607165,415.5972162080572,486.9507436421316,452.97633408438685,-3.421811806,41.328215699300614,50.06061845918936,0.7089157589128536
611,552.3190294500345,584.2827079249636,497.8773876711323,568.300868687499,541.0800477980479,10.624470174130423,33.23310920913405,67.39977727355063,4.3054020950719
693,717.60717504679,574.3891949600395,570.5059056451646,645.9981850034147,572.447550302602,-3.429059227,32.62882082826623,69.2819814806385,7.848618229588801
381,412.60251095968556,306.5496525458052,369.5966379521418,359.5760817527454,338.0731452489735,-7.659311352,44.54208466103147,34.12485449632303,5.477846943833194
552,504.97426085752323,575.2905733625405,557.560827839246,540.1324171100318,566.4257006008933,9.312502198155585,39.80322737522926,55.228018846351404,5.4960626853075665
508,503.73505670549514,425.11375545692573,524.2699241154204,464.42440608121046,474.6918397861731,0.8466639829275029,37.83263817654709,58.151692439620305,3.7325981446275893
539,485.31759621325966,468.7320091971442,415.1591577965761,477.0248027052019,441.94558349686014,11.061293512867202,33.98169490021893,54.49032603047378,2.1308500868480817
478,519.7071385279038,486.0285023189233,604.0920534389783,502.86782042341355,545.0602778789507,-8.025123273,29.409673869466083,59.02903641456413,6.172490208487257
527,568.1120104840377,439.37071712007264,624.1332626017737,503.74136380205516,531.7519898609232,-7.236602945,42.226392516301814,62.69009245467285,5.12726394261776
501,532.90063056143,410.8237227949509,624.7033007735902,471.8621766781905,517.7635117842706,-5.986224961,25.59008110290412,44.23884129953578,0.15813196232962068
491,500.30967568135895,465.90015695447306,441.81207323387036,483.10491631791604,453.85611509417174,-1.860782658,42.69928616361176,45.33136958568805,4.935009921544083
359,353.79418769561534,316.8128193700825,423.55942175803114,335.30350353284894,370.1861205640568,1.471423919734785,31.672135780580863,64.60773389591245,9.15257184917823
520,554.6988859509718,519.8818081323018,530.927957434867,537.2903470416368,525.4048827835844,-6.255445401,27.887752642673345,61.35949434757421,4.193896116669716
452,425.78665319627186,412.4116851136899,509.7547541313082,419.09916915498087,461.08321962249903,6.156451031743535,25.229849465962307,46.351090449165284,9.240268704257328
322,343.0258330086071,315.0707172619076,381.08916370176536,329.0482751352573,348.0799404818365,-6.129518825,25.159288094909023,66.9824422150722,4.433065095171753
285,275.12432489571233,268.40444416240825,285.96344023515496,271.7643845290603,277.1839421987816,3.58953179004841,43.82241625067347,65.05277732569246,1.025679625835898
553,535.8328250600348,544.5597780580543,524.6364303062117,540.1963015590445,534.598104182133,3.203830399535862,25.26502067007821,41.83771555434626,4.591892337325618
555,556.6576018403719,479.8225418342952,416.32359439105966,518.2400718373335,448.07306811267745,-0.297777635,25.38257932874574,36.62992707860883,8.908555349831467
408,387.22074883596287,335.8218883855392,381.3248463623872,361.521318610751,358.57336737396315,5.3662545786873075,29.68406741852668,38.78215692919208,9.598628027134552
496,496.0111850060014,478.5324860547658,606.2688251617687,487.2718355303836,542.4006556082672,-0.002254991,37.628378424367526,51.30016265663927,1.1539464217891737
522,510.7101185608299,604.616893566801,429.39189128055745,557.6635060638155,517.0043924236792,2.2106241934239947,35.15610127917558,46.77086644664088,0.18124041045729733
541,562.3452003416273,595.6709268371453,529.6569335983892,579.0080635893863,562.6639302177673,-3.79574687,42.48341364314052,38.137459005443645,1.2738641600033929
586,528.9666924780012,564.8428770222249,637.9574203053403,546.9047847501131,601.4001486637826,10.782022447353008,25.310166612531845,41.23527860744975,2.0795635928938996
472,473.261959045232,564.3643119472232,395.9745170653018,518.8131354962276,480.1694145062625,-0.266651274,43.850918793538106,31.71350220476453,4.463868902631948
594,539.9839303405543,558.3469176322425,746.998386566198,549.1654239863983,652.6726520992202,10.003273546562612,32.58453074360898,63.2547082488788,8.42325504749934
526,553.1943978724044,423.877785667863,433.60566980705795,488.5360917701337,428.74172773746045,-4.915884538,39.26471736166674,45.46480690535337,6.624839469416082
651,701.6644556969893,671.5212788749093,702.7120512826681,686.5928672859493,687.1166650787886,-7.220610263,28.12953432007201,48.95684880464411,7.16397111958099
636,596.3034724397091,528.3815926904945,710.8531849846323,562.3425325651018,619.6173888375633,6.657101525482813,32.65597528872776,62.873237863414374,6.595107686407702
323,311.6634622913271,293.22093260816166,263.1015721868845,302.4421974497444,278.16125239752307,3.6374291761143547,38.89281917787456,38.748624519917094,5.953032659274891
484,480.5142447257564,438.3112421521526,459.38597836580533,459.4127434389545,448.84861025897897,0.7254218397277772,42.76928219845841,62.97307567517077,6.300398784799822
630,621.9888694399287,672.0265212655421,476.6557671380144,647.0076953527355,574.3411442017782,1.2879861607949497,39.96009472742807,62.50854479572248,7.068378557805412
616,593.5904678585077,729.6296800309847,760.7763357789349,661.6100739447462,745.2030079049598,3.775251348347789,41.98358011003408,46.24047206824443,0.13698550408914545
418,379.4552181950889,474.366401773285,447.97717096910486,426.9108099841869,461.1717863711949,10.157926405190224,36.2679070142528,54.984561924581264,8.644332468683642
433,464.9043742357237,412.06491043066205,399.612048162721,438.4846423331929,405.8384792966915,-6.862567015,37.37054117436371,55.32290613998052,4.692852273257904
483,526.3927869612742,547.3031234411054,443.13259729406724,536.8479552011897,495.21786036758635,-8.243423549,42.27282842593232,34.402531368044606,9.250471753430144
696,684.0047831726548,613.6399700724388,504.88213561534747,648.8223766225468,559.2610528438931,1.7536744073202462,36.59452314194449,48.11644281070443,9.48744395149711
500,546.0920146928825,507.18701577042367,496.54868979797163,526.639515231653,501.8678527841977,-8.440338524,33.0377439978146,36.14764171376818,5.726072328820225
435,398.8571878944597,453.59137026398423,534.4339544719506,426.22427907922196,494.01266236796744,9.061592269738398,42.65829633037444,56.3618164052893,2.1123183147293103
521,572.8121891699554,423.05741951064545,645.2165696462454,497.93480434030045,534.1369945784454,-9.045231605,37.45261067197316,68.93530476659285,4.650095175264276
455,417.24441723690046,434.17876183742663,337.89252470901255,425.71158953716355,386.0356432732196,9.048792794670973,29.215862031000572,39.174631081506895,4.691072110475787
532,581.7698199046815,519.176775528883,461.25521934672,550.4732977167823,490.21599743780155,-8.554898897,40.96586394418374,43.05015672164587,2.9938337370534827
358,381.57889916340434,387.5959364226466,383.1785995025731,384.58741779302545,385.3872679626098,-6.179298492,28.119617273978662,49.13984465023847,0
370,365.68924038119036,441.6667058866962,346.84716791338195,403.6779731339433,394.2569369000391,1.178804061698986,39.30372909560482,41.276761716189164,0
673,738.8801222278967,777.8585985329811,621.0984806477234,758.3693603804388,699.4785395903523,-8.916212555,28.903330344373007,49.57570149626355,0
467,431.80992257190474,504.0855207890668,443.503932012898,467.94772168048576,473.7947264009824,8.149436960248508,35.27701469153196,66.13192057502843,0
690,640.4888489854947,709.5621670476954,559.701927128696,675.025508016595,634.6320470881957,7.730212804317947,30.572861262300727,38.74839201294333,0
662,699.8191469072565,596.5410279753767,836.3290781283945,648.1800874413166,716.4350530518856,-5.404131492,42.879704100939215,43.499213026995925,0
540,486.07056620222033,620.0645113711117,634.8007194797597,553.0675387866661,627.4326154254356,11.094980348047521,37.54657870181356,60.01063055755369,0
546,495.77445580033583,500.4550635070446,450.1904107009884,498.1147596536902,475.3227371040165,10.130724488131273,29.762933073313924,66.33738207517501,0
586,547.4070201802227,475.94068807082033,482.08404775843843,511.67385412552153,479.0123679146294,7.050143384546166,31.808231122285193,50.42323029838239,0
651,696.9582557920431,762.5510648676944,844.893173511039,729.7546603298688,803.7221191893667,-6.59411886,40.92014804854567,60.14936281712018,0
443,465.2181909200995,376.63617179280953,515.5026433469781,420.9271813564545,446.06940756989377,-4.775864606,29.73866649813297,57.09572519555491,0
532,534.6318718471764,590.5719342304772,447.22865152367547,562.6019030388268,518.9002928770763,-0.492277394,31.901674910264674,31.204154888452756,0
620,649.6443050164822,564.8112405717886,538.761167663295,607.2277727941355,551.7862041175418,-4.563159376,44.26720640892076,30.41137983742768,0
670,716.8375848753788,559.849243581501,867.6618214957256,638.3434142284399,713.7555325386134,-6.533918682,35.82005797855325,69.39382975868375,0
564,557.9893986747611,564.3424518549975,478.2692755885496,561.1659252648793,521.3058637217736,1.0771891615708513,34.41920504869467,56.47654530548046,0
480,437.33813008132427,385.3205687461727,397.1848158322962,411.32934941374845,391.25269228923446,9.754893750229973,38.27047187826905,46.44789955530183,0
461,431.9231125674275,431.88464528724677,441.6262776310987,431.90387892733713,436.7554614591727,6.7319591349799115,41.61898342110137,34.79564373890848,0
595,555.0642579603866,503.74677174425585,611.6703584997505,529.4055148523212,557.7085651220032,7.1947961820419515,43.04826066572207,43.75830746230742,0
504,486.54090635046396,405.3795144608556,602.7490448354988,445.9602104056598,504.0642796481772,3.588412283870732,41.01961400806729,34.178180724006054,0
474,482.9915315767811,519.289121984423,341.0269160558199,501.14032678060204,430.15801902012146,-1.86163338,38.174352774540445,51.29167503805817,0
529,521.7245434239469,496.7349770883905,386.2809398600727,509.2297602561687,441.5079584742316,1.3945014984930768,26.055305157192052,57.68045023786619,0
537,571.7495091381094,605.8855353327042,529.7022982750377,588.8175222354068,567.793916803871,-6.077750585,32.01638218670031,44.50239186236378,0
508,515.7695996558679,561.2147499304486,593.8029214318171,538.4921747931583,577.508835681133,-1.506408998,30.515148088825626,38.1698703564867,0
436,419.5891463425431,392.36026513067304,476.32829636124336,405.97470573660803,434.3442807459582,3.911172107407058,37.38478064107163,43.28439133232499,0
465,478.78593845653506,415.0552978398158,515.5974906943363,446.92061814817544,465.32639426707607,-2.879353245,43.80366382504165,31.87143379887074,0
517,520.2737498572476,524.8135109045166,448.16646957358375,522.5436303808822,486.4899902390502,-0.629236024,29.33912491727759,41.520213836961645,0
531,505.7608230721364,491.2918508114124,638.2084191109054,498.5263369417744,564.7501349611589,4.990338471563214,26.004288633809104,48.58452675235883,0
466,492.1858320916614,447.02966079377336,450.3155115166473,469.60774644271737,448.6725861552103,-5.320314073,42.87189172900263,56.32219935444883,0
620,621.7478348763561,572.5001338093921,647.1716986302738,597.1239843428741,609.8359162198329,-0.281116359,31.504223925524226,31.570776569666094,0
514,498.1488669165917,549.1767530968766,608.19462527538,523.6628100067342,578.6856891861282,3.1820072544824924,43.935124893844815,46.00849103398688,0
416,452.48567798496447,362.9488976339338,446.6392494486643,407.71728780944915,404.7940735412991,-8.06338847,29.453521582461697,42.288656680850835,0
718,658.2807323004474,687.29944225106,545.7857888518153,672.7900872757536,616.5426155514376,9.07200602558362,25.331849612651958,56.468747305758264,0
442,479.69939973932674,427.7901212802441,322.8250796457585,453.7447605097854,375.3076004630013,-7.858963292,25.78783667385639,52.95799464276042,0
477,485.4288018817928,457.47818627382685,612.6016783028163,471.45349407780986,535.0399322883216,-1.73636213,35.88397325007404,41.00956724148033,0
656,696.1011232636705,583.6611898431653,548.1847223497575,639.8811565534179,565.9229560964613,-5.76081864,41.34610624426473,67.21593680677302,0
541,558.6145568694919,621.2051719530273,625.0996183075603,589.9098644112596,623.1523951302938,-3.153257761,39.5505846045019,49.37564742403397,0
376,369.06022595402493,319.68506302704264,301.84414248456886,344.3726444905338,310.76460275580575,1.880390667413611,41.54713109652291,53.39354526755528,0
510,490.81501436474394,432.9107492485548,391.00796708359576,461.8628818066494,411.9593581660753,3.9088017020194368,37.96210069068247,65.00472178232188,0
551,499.7503049539399,658.9423135154174,395.6250524084831,579.3463092346786,527.2836829619503,10.255060284712297,33.890565061003194,50.18476098430782,0
597,654.9298418778266,660.9996979527945,573.4882886341842,657.9647699153105,617.2439932934893,-8.845198092,33.92883843593097,54.7508830816402,0
614,626.6719979374811,619.7962943806815,523.2203887014624,623.2341461590813,571.508341541072,-2.022110128,34.41900117545029,49.68929260729633,0
520,474.3447428725611,475.868910161134,393.100691394789,475.10682651684755,434.4848007779615,9.624910534679373,44.27646321756947,35.40320584903043,0
590,533.1695647738885,581.5197386994631,746.843911682068,557.3446517366758,664.1818251907655,10.658979615652418,31.476391498048628,56.44562713714786,0
668,616.3556931650833,800.7741432070758,541.127722381012,708.5649181860795,670.9509327940439,8.378977821996761,36.88283725512915,46.45498285650358,0
468,488.9902237739189,466.6145337775236,505.46201665998933,477.80237877572125,486.03827521875644,-4.292565118,41.110518271521144,45.91536702228092,0
497,507.0306533625132,465.38256400138897,621.4293374534644,486.2066086819511,543.4059507274267,-1.978313007,33.13181074718945,35.73125834810564,0
340,368.85152081403703,316.3119906647859,264.06602916915807,342.5817557394115,290.189009916972,-7.821987761,33.84733066204838,31.698796370261327,0
587,636.8074518384059,577.7652760449033,586.6376273770284,607.2863639416546,582.2014517109658,-7.821430433,31.365240827714516,65.77060473025657,0
588,641.8174816016564,603.4632123842456,593.1019564266346,622.640346992951,598.28258440544,-8.385169171,26.70112770978482,51.95491206170399,0
572,525.8561690425189,498.07402234852754,739.2537696245003,511.96509569552325,618.6638959865139,8.774990895609342,33.882071138132375,51.27487066020066,0
303,294.7990429798008,331.9069124754749,333.2909860310699,313.35297772763784,332.5989492532724,2.781880476037071,27.39123995504113,52.90571412462339,0
460,475.9805594858784,509.2197848286898,406.87822355536593,492.6001721572841,458.04900419202784,-3.357397517,34.841089787648016,61.860340788948335,0
470,484.27868136287134,532.4944304811276,604.0833939845542,508.38655592199945,568.2889122328409,-2.948443099,34.48328592543973,32.66775525621795,0
475,456.7382360028492,496.59120156798286,588.411558631465,476.664718785416,542.501380099724,3.9982998044939,41.19848840605799,53.32520876398334,0
601,633.0365834098396,649.5866319689557,540.1856100763159,641.3116076893976,594.8861210226357,-5.060779148,38.51325804414146,45.83748904783799,0
574,583.7055494021859,681.7562881004475,531.9278252076431,632.7309187513167,606.8420566540453,-1.662747495,26.24073527257563,43.5722106923827,0
402,411.1639482843809,420.7216509213967,391.73526507581704,415.94279960288884,406.22845799860687,-2.228782052,32.93895945868586,48.2153254192243,0
499,460.1986329843543,572.4865913471702,438.33004247375663,516.3426121657623,505.40831691046344,8.431438999290744,28.250759749374158,57.02485238392973,0
415,394.60368220992376,381.04767548804205,422.46261491433376,387.8256788489829,401.75514520118793,5.168810811863047,38.56783771006026,53.71083763480739,0
567,579.9729608427122,572.3668627611856,505.46581123692135,576.169911801949,538.9163369990536,-2.236821666,34.39830744067191,50.09963507307728,0
495,477.4868704649674,591.5744087416392,443.22838621299405,534.5306396033034,517.4013974773167,3.667771957368932,32.882720935652564,54.13336784848139,0
416,386.8085167181862,463.57796596116316,445.43571733763605,425.19324133967467,454.5068416493996,7.546752985038747,21.836945709961842,64.95499822084074,0
441,413.59481756979204,433.8260661572158,507.71325389922896,423.7104418635039,470.76966002822235,6.626094251189081,33.11077675857803,63.414901211369845,0
584,622.068893638642,614.7087739473936,683.6556778137642,618.3888337930177,649.1822258805789,-6.119723077,26.971259864355197,46.56564272862665,0
488,498.1854696041617,539.4727309771827,494.851921405964,518.8291002906722,517.1623261915734,-2.044513585,19.535452506392915,56.660879067721396,0
512,466.03778105552874,491.0680967022793,515.5965277536361,478.552938878904,503.3323122279577,9.862337521299551,24.665885699326502,45.31136401612162,0
488,493.6484707444232,577.7512071830267,355.8578516114994,535.6998389637249,466.8045293972631,-1.144229361,16.96015369561482,31.762634462815257,0
360,329.5575021763057,312.46373854354425,279.4199933710741,321.010620359925,295.9418659573092,9.237385774154898,17.465675585978936,50.742467546629356,0
610,555.7607383899539,568.7997433560525,707.3455963969956,562.2802408730032,638.0726698765241,9.759462636237668,23.273573579705207,56.11891687631757,0
592,560.851800877372,496.5614708846126,477.99203761925054,528.7066358809923,487.2767542519316,5.553730784834971,30.950280905929716,57.10183220735104,0
467,484.49340554520717,553.2298327562238,531.5141822870746,518.8616191507155,542.3720075216493,-3.610659164,24.79740953435489,55.22869777967717,0
424,443.6364677387842,402.3115885049921,429.56737308338074,422.9740281218881,415.9394807941864,-4.426251935,16.359465996388074,37.24902244198838,0
420,434.7383078082598,402.52816235278334,327.51846932464684,418.63323508052156,365.0233158387151,-3.390156226,18.17473526748619,67.97092424982468,0
542,563.7586465072142,561.2995557246616,684.6537972830047,562.5291011159379,622.9766765038331,-3.859567679,21.99708768361709,39.75207750840718,0
756,686.949269316052,816.2802545947993,679.1424706461335,751.6147619554256,747.7113626204664,10.051794763927338,29.894734556584197,46.49612241871465,0
364,332.03561094126843,392.24893549379607,294.71285465165596,362.14227321753225,343.480895072726,9.626795441644823,21.380901486644795,46.620562522482636,0
599,614.05669308891,611.1073906708557,565.707169402092,612.5820418798828,588.4072800364738,-2.452003741,25.427540429474824,65.86298633876041,0
409,434.3711771587037,397.49456224490217,470.31562713814117,415.93286970180293,433.90509469152164,-5.840897945,33.26082933779712,52.88491854888825,0
461,422.4212081413679,384.98815091352475,370.22802873492833,403.70467952744633,377.60808982422657,9.132778164329586,25.361549960806897,38.55978714793254,0
459,486.41660063673925,538.4534396114734,326.8459636006344,512.4350201241064,432.6497016060539,-5.636444274,18.075674110264323,65.44685176223973,0
606,652.0259911580746,496.73114968468064,508.2209981051668,574.3785704213776,502.47607389492373,-7.058919703,32.94771434927429,40.247660577574194,0
556,584.6940948164472,613.8252331995707,493.4827011094089,599.2596640080089,553.6539671544898,-4.907539698,23.213652660205657,38.38761109720804,0
345,356.8479112878402,376.6447524658544,360.5375387059746,366.7463318768473,368.59114558591455,-3.320157107,19.136357862667925,50.178237666774216,0
360,343.3796331113973,316.6029523961092,421.2116395191011,329.9912927537532,368.90729595760513,4.840230836641031,33.185053888739844,44.80928742738307,0
611,580.2715661173314,566.2607767599236,724.2157301920514,573.2661714386275,645.2382534759874,5.295526384012975,32.50977300791793,42.098652698458785,0
425,410.39360615005666,349.1412929825372,468.18603098139084,379.76744956629693,408.663661981964,3.5591182784174884,19.62559856631911,39.74284503458527,0
598,635.3087696626908,704.6233287724424,530.8755338327416,669.9660492175666,617.749431302592,-5.872541266,32.170129091031086,35.267476137448284,0
438,398.8984077372248,476.099866355207,431.5550179631624,437.4991370462159,453.82744215918467,9.802393668247854,31.98196039917352,45.335885642330354,0
553,606.2253206785742,648.6665498980641,696.9567198363853,627.4459352883191,672.8116348672247,-8.779791748,23.044474696942245,48.75159522027164,0
597,573.8723390283719,555.4745551800025,443.30209668859413,564.6734471041873,499.38832593429834,4.030105547652934,21.995921236151837,64.49986029606342,0
408,411.6113987004445,485.6471031871858,375.96454024449326,448.6292509438151,430.80582171583956,-0.877380634,22.143846679860896,43.76366471397768,0
416,395.1977445202866,345.0077808252779,456.72130374421215,370.10276267278226,400.864542284745,5.263758654534918,26.90732740313745,46.60582615970983,0
