Date,New Cases Reported,Total Active Cases,Recovered Cases,Deaths,Hospitalized Cases,ICU Cases,Tested Cases,Positivity Rate (%),Cases (1-day lag),Cases (7-day lag),Cases (14-day lag),Moving Avg (7 days),Moving Avg (14 days),Growth Rate (%),Day of the Week,Month,Holiday/Event Indicator,Temperature (Â°C),Humidity (%),Rainfall (mm),Air Quality Index (AQI),Mobility Index
2024-01-01,549,4754,450,7,63,7,4941,11.11111111111111,560.1024282894043,594.6927380840117,391.0805324210373,577.3975831867081,492.88663525252446,-1.9822139181420766,0,1,0,34.39819704323989,63.29770563201687,0.0,87,0.6821418490783333
2024-01-02,486,2431,436,10,78,7,2430,20.0,465.7074724272497,507.7442027340306,380.8764097661354,486.72583758064013,444.310306250083,4.3573549436487315,1,1,0,20.842892970704362,44.65447373174767,0.0,239,0.7635246756608973
2024-01-03,522,3608,468,10,97,22,2610,20.0,476.5913863076632,615.727300178496,667.8359527589521,546.1593432430795,641.781626468724,9.527787324092198,2,1,0,31.16794696232922,42.18455076693483,0.0,102,0.7790113207999667
2024-01-04,423,2603,316,10,68,18,2961,14.285714285714285,457.62850601586496,382.18557288672287,464.24815576904064,419.90703945129394,423.21686432788175,-7.5669468926536805,3,1,0,21.23422152178822,50.80272084711243,0.0,155,0.7706484938394236
2024-01-05,453,4172,357,8,87,21,3624,12.5,411.79759237529476,421.3498559343035,422.74248733760123,416.57372415479915,422.04617163595236,10.005499883339562,4,1,0,20.426980635477918,63.14950036607718,0.0,203,0.7347093156262782
2024-01-06,506,4972,415,7,65,8,2530,20.0,555.2729579839724,561.1023413056434,414.5300809137747,558.187649644808,487.8162111097091,-8.873646244698751,5,1,0,15.110442342472048,62.618457138193364,0.0,130,0.7274723491937348
2024-01-07,593,4761,524,13,113,30,4744,12.5,572.9445057475242,489.4760406878449,525.7475100664326,531.2102732176845,507.61177537713877,3.500425268291782,6,1,0,21.503666440534943,59.18424713352256,0.0,153,0.7553739938984024
2024-01-08,567,3613,460,10,111,29,5103,11.11111111111111,573.948834204381,628.4553564136944,564.8892618831658,601.2020953090378,596.67230914843,-1.21070621460772,0,1,0,25.45465658763988,47.101640734341984,0.0,91,0.6092126127363955
2024-01-09,361,3421,287,7,61,7,3249,11.11111111111111,363.87652679198084,318.1220408517007,456.92208338285866,340.9992838218408,387.5220621172797,-0.790522768077666,1,1,0,26.97730932977072,57.79139732158818,0.0,77,0.7861648149980228
2024-01-10,471,4544,405,10,88,22,3768,12.5,463.1352370893885,543.2100007803148,421.3599029360904,503.17261893485164,482.2849518582026,1.6981568839456567,2,1,0,17.441759094013467,44.251913523079,0.0,239,0.7321597059381821
2024-01-11,474,3382,409,12,47,9,2370,20.0,472.5618812848316,510.4858718359952,408.4208677322995,491.52387656041344,459.45336978414736,0.3043238932557046,3,1,0,19.882510444955486,36.73164168691722,0.0,209,0.7492725768626484
2024-01-12,463,3516,389,7,91,26,2778,16.666666666666664,482.65625662700336,397.82569942736967,601.2723067465961,440.24097802718654,499.5490030869829,-4.072516694255496,4,1,0,20.335620285505698,69.06459823330611,0.0,269,0.6623143479164458
2024-01-13,480,2747,382,14,59,13,3360,14.285714285714285,467.4868277818949,430.49470814926576,567.30424983741,448.9907679655803,498.8994789933379,2.676689796261623,5,1,0,24.406012688920768,69.33692563579372,0.0,263,0.8691307044554685
2024-01-14,530,4069,380,14,70,9,4770,11.11111111111111,567.9860333102544,493.1032879027996,441.0366531258444,530.544660606527,467.069970514322,-6.687846369895688,6,1,1,29.22299064876036,62.380041845588615,0.0,197,0.9778809851125436
2024-01-15,393,3322,305,11,44,7,1965,20.0,370.1330293899843,399.5156214856934,439.16596136557035,384.82432543783887,419.3407914256319,6.178041080987211,0,1,0,19.571000435945994,36.99819708383745,0.0,161,0.6003287514224899
2024-01-16,547,4253,440,8,59,16,4923,11.11111111111111,588.8604159449138,478.8891153050938,474.42557792075405,533.8747656250039,476.6573466129239,-7.108716227383459,1,1,0,29.007156599455428,63.866445689532235,0.0,197,0.6752829925041388
2024-01-17,525,4310,376,6,99,21,3675,14.285714285714285,511.5896904889831,617.4280229161335,674.204108577925,564.5088567025583,645.8160657470293,2.6213017502755376,2,1,0,20.678419494749313,42.21455441377574,0.0,243,0.7141522961918148
2024-01-18,534,4517,443,7,91,13,4806,11.11111111111111,499.698265344838,505.4777323868989,612.2322355873226,502.5879988658684,558.8549839871107,6.864489439740332,3,1,0,29.418798485042586,42.32243167409557,0.0,225,0.6957409715931046
2024-01-19,475,3004,355,13,66,18,3325,14.285714285714285,468.7674647234907,446.51489746198837,516.354458178711,457.64118109273954,481.43467782034963,1.32955798888168,4,1,0,28.378481193261994,64.56670260287612,0.0,110,0.7724152285153194
2024-01-20,424,3178,345,10,44,13,3816,11.11111111111111,405.30671698436515,489.04058617635746,487.0196560795021,447.1736515803613,488.03012112792976,4.612132548584421,5,1,0,34.06143694047906,43.230012186820545,0.0,95,0.7210810571912334
2024-01-21,454,3144,395,7,53,11,2724,16.666666666666664,493.04552860082356,375.98756936227716,374.70945867842414,434.5165489815504,375.34851402035065,-7.919254173469111,6,1,0,28.42287033648101,44.34587125184656,0.0,176,0.8107646881267451
2024-01-22,577,4380,505,14,97,23,5193,11.11111111111111,553.517270576956,558.4854216678006,492.59884387240135,556.0013461223782,525.5421327701009,4.242456499788509,0,1,0,27.23027421731361,33.26376721600961,0.0,184,0.7025958699641814
2024-01-23,643,5304,540,16,121,20,5144,12.5,653.142025562272,627.175544440252,709.367682996888,640.158785001262,668.27161371857,-1.552805540807303,1,1,0,21.563053349494638,36.20166466910977,0.0,239,0.6562785964344326
2024-01-24,500,3216,409,5,51,13,3500,14.285714285714285,462.7060512651885,504.44865201096087,580.9980659295833,483.5773516380747,542.7233589702721,8.059965637544131,2,1,0,19.316420549936865,54.915619032760006,0.0,245,0.7644456225154022
2024-01-25,460,3246,386,5,52,15,2760,16.666666666666664,443.71199551059465,514.3142598374415,396.74970134833245,479.01312767401805,455.53198059288695,3.670850608999693,3,1,0,23.779428414112722,33.13825525369064,0.0,278,0.7505697311764413
2024-01-26,543,3215,388,10,91,10,3258,16.666666666666664,505.68906283407995,488.7527574813501,559.038047361254,497.220910157715,523.895402421302,7.378236926227931,4,1,0,29.291918454001248,56.40789506870925,0.0,166,0.7465718374663662
2024-01-27,527,4366,414,12,55,11,3689,14.285714285714285,554.1769800429445,424.63414740315255,405.6021689282869,489.40556372304854,415.1181581657197,-4.904025432604304,5,1,0,15.920052840435055,31.629152092758805,0.0,287,0.8752384956539112
2024-01-28,724,7165,532,7,127,33,5792,12.5,676.6796307629702,704.843437619317,679.910456622219,690.7615341911436,692.376947120768,6.99302403763434,6,1,0,27.31700196104433,55.40374603470575,0.0,83,0.8445569201243043
2024-01-29,500,3848,418,11,97,28,4000,12.5,508.5775581273464,588.0460482849916,522.6422533627637,548.311803206169,555.3441508238776,-1.6865781807066254,0,1,0,22.763398524130437,55.73152873769413,0.0,210,0.6463682583429453
2024-01-30,575,5207,496,12,104,23,4025,14.285714285714285,540.0159805007692,475.95309920128807,437.26841047521214,507.9845398510286,456.6107548382501,6.478330412886922,1,1,0,15.364436513030995,33.77771843023714,0.0,84,0.7411125423299383
2024-01-31,623,4315,521,10,78,15,3738,16.666666666666664,647.5134508043733,655.132557417547,764.0990386564124,651.3230041109601,709.6157980369796,-3.78578248435171,2,1,0,29.701420876077716,62.13923721539394,0.0,298,0.6615405626779688
2024-02-01,370,2863,290,7,58,14,2960,12.5,360.529338348666,410.90911818981556,334.65838593616996,385.7192282692408,372.7837520629928,2.6268768291403197,3,2,0,33.61514651207129,64.33651007372048,0.0,162,0.6484349300694942
2024-02-02,614,3801,476,12,91,16,5526,11.11111111111111,662.5702524593335,586.7879322971104,433.7925908053419,624.6790923782219,510.29026155122614,-7.3305815163071415,4,2,0,33.10763952838528,33.65146707144534,0.0,248,0.6146007185799255
2024-02-03,585,5723,488,11,87,10,5265,11.11111111111111,560.8056602886736,544.9075036165603,645.5539780830404,552.856581952617,595.2307408498004,4.314211040393637,5,2,0,30.0474905887536,61.66316174903394,0.0,106,0.8488057160695354
2024-02-04,681,6703,570,18,127,33,6129,11.11111111111111,643.2149080731743,652.8478963723383,841.1290769261909,648.0314022227562,746.9884866492646,5.874411717230767,6,2,0,17.93209643384051,50.533046747695714,0.0,215,0.8422001923899622
2024-02-05,540,5363,418,9,97,28,2700,20.0,549.9239837926987,507.64714128726774,607.4507073689567,528.7855625399832,557.5489243281122,-1.8046101070652056,0,2,0,24.633339759282308,45.11950360489018,0.0,216,0.6468998955348187
2024-02-06,585,3250,467,5,85,9,4680,12.5,616.261797813703,660.5329423391461,670.7182915870976,638.3973700764245,665.6256169631218,-5.072811250771943,1,2,0,28.620788541938182,39.500258851698796,0.0,298,0.7498758033448312
2024-02-07,484,3327,366,13,59,17,3872,12.5,530.2607847354134,494.8425754812044,432.5081271558103,512.5516801083089,463.67535131850735,-8.724157257545706,2,2,0,15.868015665963455,66.98573320894384,0.0,278,0.7835681766187106
2024-02-08,584,3140,428,8,75,22,4088,14.285714285714285,630.8552556253476,477.8162744477646,507.2495016331175,554.335765036556,492.5328880404411,-7.427259297206203,3,2,0,34.008229681531176,65.61055135563666,0.0,253,0.6216057914983159
2024-02-09,393,2174,301,5,64,11,3144,12.5,399.5753703914786,326.61988493089564,504.8622956476821,363.0976276611871,415.7410902892889,-1.6455895129463234,4,2,0,34.72421488959206,57.92646856078981,0.0,194,0.646527327677355
2024-02-10,435,3486,328,5,46,13,3045,14.285714285714285,454.63759722978733,454.73424409282745,413.6614324718515,454.68592066130736,434.1978382823395,-4.319395788963294,5,2,0,33.65456966708027,64.64255558001634,0.0,158,0.8500521588174631
2024-02-11,339,1974,265,8,50,14,2373,14.285714285714285,345.3820625008748,322.84880015916656,434.5805885154903,334.11543133002067,378.7146943373284,-1.8478268543140153,6,2,0,31.842378462714173,63.533148188445516,0.0,147,0.7549013347014156
2024-02-12,534,4672,471,11,92,23,3738,14.285714285714285,507.0167772661735,523.4362273022359,415.182676614539,515.2265022842047,469.30945195838746,5.321958551217892,0,2,0,34.08102054517445,54.246985378035205,0.0,239,0.7249327948567433
2024-02-13,691,6489,588,7,87,9,4146,16.666666666666664,693.8065242649043,766.2688034757307,699.3597875610325,730.0376638703175,732.8142955183816,-0.40451108007060427,1,2,0,32.043630006370805,52.07627355097942,0.0,182,0.6162328448927429
2024-02-14,443,3146,379,10,79,22,3544,12.5,485.56899744318474,462.15316693882204,479.3200606872027,473.8610821910034,470.73661381301235,-8.76682771497693,2,2,0,26.096312170844513,33.64008364205321,0.0,275,0.6904404958207078
2024-02-15,753,5076,604,19,105,23,5271,14.285714285714285,782.7648658469157,842.2972988329718,734.6328878300807,812.5310823399437,788.4650933315263,-3.802529615928972,3,2,0,31.841828300374193,60.756709652615896,0.0,133,0.7478182843985907
2024-02-16,538,4015,411,12,66,7,2690,20.0,533.7088215066324,556.241666000258,505.81699782023884,544.9752437534452,531.0293319102484,0.8040298980357584,4,2,0,28.953351473938636,37.20269089397194,0.0,181,0.7373027886086505
2024-02-17,496,3337,436,9,82,11,2976,16.666666666666664,468.60582733790704,559.8432623499386,449.8965900399423,514.2245448439228,504.8699261949405,5.845888178069815,5,2,0,21.952384289653672,31.272187259406607,0.0,119,0.8630144201351614
2024-02-18,489,2949,377,9,82,8,2445,20.0,487.1560195387055,525.7306906639938,492.4201677747664,506.44335510134965,509.0754292193801,0.3785194860243329,6,2,0,18.139553654323876,45.0914386096829,0.0,130,0.8754904253206338
2024-02-19,396,2528,341,9,46,6,2376,16.666666666666664,416.5884683878568,400.95249542940775,448.39461618661204,408.7704819086323,424.6735558080099,-4.942159937247297,0,2,0,16.24682725022483,35.909563676249064,0.0,164,0.7546367002517517
2024-02-20,557,4210,449,6,80,16,2785,20.0,583.4469399588514,486.2128481244435,578.3771337526952,534.8298940416474,532.2949909385693,-4.532878338639782,1,2,0,31.814199717558623,33.568173148482245,0.0,175,0.7343175485877852
2024-02-21,531,2972,466,11,89,22,4779,11.11111111111111,528.8316192063014,548.8839705532895,606.4516406608193,538.8577948797954,577.6678056070543,0.41003236473511356,2,2,0,26.15484531900875,53.46141738643036,0.0,285,0.6063444983632063
2024-02-22,461,3141,382,9,62,18,4149,11.11111111111111,500.9863861506605,370.18933656192337,385.0270518472853,435.5878613562919,377.60819420460433,-7.981531485894607,3,2,0,22.30713639348115,49.51239203234952,0.0,143,0.7069933346818889
2024-02-23,433,2568,327,5,82,9,3031,14.285714285714285,391.2797988916961,467.1137252818643,562.1869879328289,429.19676208678015,514.6503566073466,10.662498096369093,4,2,0,32.93220525948041,53.0399367122264,0.0,124,0.6075395449829706
2024-02-24,523,3289,383,12,100,21,3138,16.666666666666664,499.98581319686576,579.3779216237532,424.79432829735083,539.6818674103095,502.086124960552,4.602967963427508,5,2,0,21.473584728084873,47.01745754465667,0.0,274,0.8616135634232045
2024-02-25,527,4575,424,12,93,10,3689,14.285714285714285,572.5343116738809,489.1913741072256,556.6858354478077,530.8628428905532,522.9386047775166,-7.9531149042849885,6,2,0,22.38460963019792,48.170718888763986,0.0,54,0.7641449048919915
2024-02-26,600,3763,501,15,95,18,4200,14.285714285714285,581.8641919851594,703.0869946194781,719.0229868035825,642.4755933023188,711.0549907115303,3.1168455224863054,0,2,1,34.300538213330256,34.97188893942179,0.0,169,1.0687288122353762
2024-02-27,442,4399,327,7,85,20,3536,12.5,472.2176638654313,378.31175618752803,520.3048911052429,425.26471002647963,449.3083236463855,-6.399096471334556,1,2,0,19.032546400954892,36.54623771462818,0.0,262,0.6558890614637806
2024-02-28,442,3610,389,7,70,16,3094,14.285714285714285,452.9705765056745,449.0332917465072,425.7550879129875,451.0019341260909,437.39418982974735,-2.4219181277301063,2,2,0,26.549725418122513,44.214498072735836,0.0,288,0.7565000288760587
2024-02-29,431,2982,348,12,70,8,3017,14.285714285714285,442.00843417475625,402.5377279668817,337.7157579907519,422.273081070819,370.12674297881676,-2.490548442884205,3,2,0,30.88050378540592,54.80291023714054,0.0,293,0.7773005053283806
2024-03-01,547,5463,465,13,97,12,4376,12.5,554.645931524922,604.4259604400631,670.6544819852062,579.5359459824926,637.5402212126346,-1.378524765141722,4,3,0,31.841634974318147,62.850292186880516,0.0,208,0.6797284988426128
2024-03-02,658,4536,520,14,98,20,5922,11.11111111111111,622.3694836126156,716.496876001055,744.8704246283902,669.4331798068354,730.6836503147226,5.724978059747239,5,3,0,37.82295265770595,57.757937778684,0.0,85,0.8725844787021978
2024-03-03,571,5215,509,9,70,12,3426,16.666666666666664,622.0797573836694,491.82546047171274,600.5423404489547,556.952608927691,546.1839004603337,-8.211126753022736,6,3,0,35.11777357768932,54.45816941738592,0.0,160,0.7534150014912665
2024-03-04,656,5661,536,7,125,32,5904,11.11111111111111,683.189708821918,564.8262448607022,686.0270985616577,624.0079768413101,625.42667171118,-3.9798182658230465,0,3,0,37.13430092765712,46.96522685209544,0.0,78,0.7069321846151048
2024-03-05,437,2592,379,7,57,8,3933,11.11111111111111,426.451318038897,479.69483914220694,359.80302575609215,453.073078590552,419.74893244914955,2.4735958161913443,1,3,0,40.755797774289846,54.14886126920556,0.0,84,0.7717522859677408
2024-03-06,450,3145,363,12,60,10,2700,16.666666666666664,487.6609252445371,465.6722803445821,323.8686009657284,476.6666027945596,394.7704406551552,-7.722768689259259,2,3,0,43.25498925758258,39.929057710286074,0.0,74,0.665176268523158
2024-03-07,230,2202,177,4,37,3,2070,11.11111111111111,230.6979893907134,273.74980104281354,224.34048034634782,252.22389521676348,249.04514069458068,-0.30255547200771815,3,3,0,36.14610737780096,64.42528071562936,0.0,112,0.7908084530156172
2024-03-08,494,4932,395,10,52,12,3458,14.285714285714285,523.6184637809379,464.2388710121482,484.58391395002485,493.928667396543,474.4113924810865,-5.656497207350029,4,3,0,37.49951974102105,45.10903789760677,0.0,193,0.6243759003562767
2024-03-09,428,3799,338,8,61,10,2996,14.285714285714285,398.488565051669,373.54609594079045,520.9065474762713,386.01733049622976,447.22632170853086,7.405842359492665,5,3,0,43.922309242672654,44.93237265119012,0.0,251,0.7036550139447012
2024-03-10,510,4838,410,13,100,26,4590,11.11111111111111,500.6144185272142,520.5514094329053,434.6899005972511,510.58291398005974,477.6206550150782,1.8748124555416898,6,3,0,28.922261993869057,50.220315164241356,0.0,121,0.8808270705156381
2024-03-11,509,2999,422,7,55,8,3563,14.285714285714285,556.0977006288863,599.4818201275328,399.38639661671374,577.7897603782096,499.4341083721233,-8.46932123179504,0,3,0,33.127846165470444,42.95960244427199,0.0,259,0.6137297332295745
2024-03-12,486,2461,348,6,49,6,3888,12.5,499.8923647833054,525.6471286709262,605.7379594323526,512.7697467271158,565.6925440516394,-2.779071208524563,1,3,0,37.495225420865026,43.434634285993404,0.0,179,0.7983778391894985
2024-03-13,467,4274,359,11,63,17,3269,14.285714285714285,508.8855388702655,516.2415623490433,366.15971184975996,512.5635506096544,441.20063709940166,-8.230836931081226,2,3,0,42.36935951795826,49.497247929980546,0.0,287,0.7902793723958212
2024-03-14,490,3604,360,9,74,18,2940,16.666666666666664,503.08086554296244,442.54598634490765,383.97068577741027,472.81342594393504,413.25833606115896,-2.6001516731996146,3,3,1,41.69860473598598,69.37608722814208,0.0,235,0.9411062730108962
2024-03-15,529,4452,457,10,96,19,3174,16.666666666666664,534.732032666171,561.0405541752544,633.6600484966658,547.8862934207127,597.3503013359601,-1.0719448837936847,4,3,0,29.128425435212066,30.439833146339218,0.0,262,0.7075169251385132
2024-03-16,562,3550,423,13,70,15,5058,11.11111111111111,525.5117317172758,655.159805443931,534.609420993607,590.3357685806034,594.884613218769,6.94337844057016,5,3,0,32.66277056498995,50.7567082113135,0.0,113,0.7369840594934288
2024-03-17,537,3180,385,13,57,15,3759,14.285714285714285,521.4992497483356,584.0510604335759,471.63261677378694,552.7751550909558,527.8418386036815,2.9723437299564126,6,3,0,36.32809280593794,49.04201608796399,0.0,160,0.785631034606024
2024-03-18,488,4767,354,9,61,12,3416,14.285714285714285,497.2796060363449,400.4383187921257,486.936037180522,448.8589624142353,443.68717798632383,-1.8660741208169844,0,3,0,36.93685697833779,43.369755632678434,0.0,203,0.6122850258519665
2024-03-19,288,1946,225,6,46,8,2016,14.285714285714285,306.38029349803395,322.4927092572264,321.64355016364493,314.4365013776302,322.06812971043564,-5.999176150718029,1,3,0,30.44290274459925,53.609226674763484,0.0,68,0.6447849175593179
2024-03-20,464,3049,399,13,83,19,2320,20.0,434.78033579622394,471.7768158334233,567.8281207079921,453.2785758148236,519.8024682707077,6.720557899718573,2,3,0,39.644497728191226,62.26244591445799,0.0,264,0.6726545592797799
2024-03-21,583,5773,513,13,98,10,3498,16.666666666666664,529.2971662055678,630.9401302306585,731.7518614319999,580.1186482181131,681.3459958313292,10.146064861714214,3,3,0,28.611506902546672,52.717809222105174,0.0,299,0.687729500049211
2024-03-22,636,4174,460,15,75,9,4452,14.285714285714285,692.5106974152288,629.4400967176588,774.155475617522,660.9753970664437,701.7977861675904,-8.160263462521659,4,3,0,41.8909879707014,42.76401892973023,0.0,283,0.7954992516417787
2024-03-23,634,4326,514,12,119,24,3804,16.666666666666664,662.500426629847,523.7743680266118,563.7364445107642,593.1373973282293,543.7554062686879,-4.301948419086946,5,3,0,35.78982584750675,61.628926593558546,0.0,202,0.8615731291367963
2024-03-24,629,5465,505,11,118,21,4403,14.285714285714285,675.558438336737,508.55138376995745,770.4124112710169,592.0549110533473,639.4818975204872,-6.891844686503587,6,3,0,35.57874268054424,67.56270794051585,0.0,276,0.8474819888623892
2024-03-25,497,3928,374,8,54,9,3976,12.5,520.6156807779358,445.0688965787385,380.8433805357819,482.8422886783371,412.95613855726015,-4.536106316015653,0,3,0,32.092443152815534,41.489559666163274,0.0,117,0.7074082629483949
2024-03-26,444,3808,363,6,84,9,2220,20.0,434.3767564799836,377.3001101759217,565.5891418298309,405.83843332795266,471.44462600287625,2.2154140101784736,1,3,0,40.95978644286767,40.35930606407255,0.0,173,0.7679995521208687
2024-03-27,598,5814,474,13,69,20,4186,14.285714285714285,586.2289962764884,678.8079158797523,501.32822745484077,632.5184560781204,590.0680716672965,2.007919055228712,2,3,0,41.61285035501249,34.81355048139984,0.0,156,0.6678645671311422
2024-03-28,478,2811,355,6,85,14,4302,11.11111111111111,490.4067694384323,423.76115320458905,483.2370731627893,457.0839613215107,453.49911318368913,-2.52989359274942,3,3,0,36.94548144860682,51.00126003441073,0.0,172,0.7417798225546632
2024-03-29,642,5444,469,16,78,11,3210,20.0,653.9334876336748,662.5661381727499,484.64072976561516,658.2498129032124,573.6034339691826,-1.824877890388716,4,3,0,42.549217252607605,40.624001703548245,0.0,269,0.7987567950756345
2024-03-30,442,3263,313,11,45,7,2210,20.0,446.49579156184797,368.97925915233736,417.7217921063493,407.73752535709264,393.35052562934334,-1.0069056969432186,5,3,0,32.45377034024628,40.39015135041305,0.0,182,0.7629257817870397
2024-03-31,504,4944,363,14,100,11,4536,11.11111111111111,502.0431269945262,522.6294093873588,602.1835240957652,512.3362681909425,562.406466741562,0.38978185344128014,6,3,0,31.95618415804386,57.12064610236254,0.0,140,0.8348035069767934
2024-04-01,436,4064,369,8,81,12,3052,14.285714285714285,468.0280543236948,472.33850313910204,524.1626866999366,470.18327873139845,498.2505949195193,-6.843191135192877,0,4,0,38.94942923338567,57.205630870412016,0.0,240,0.7688629728304766
2024-04-02,407,3829,363,7,76,7,2849,14.285714285714285,384.9100881481288,473.53657314905314,285.1735312234427,429.22333064859095,379.3550521862479,5.738979707741541,1,4,0,36.12363470079514,60.26543215139739,0.0,61,0.7831615166701344
2024-04-03,559,2812,423,12,110,24,3354,16.666666666666664,573.9818376065365,567.9407309044653,652.8601455336936,570.9612842555009,610.4004382190794,-2.6101588281973673,2,4,0,27.139612776539167,60.44111610008112,0.0,123,0.7435865381880205
2024-04-04,618,4301,454,15,110,14,4944,12.5,564.5846605053993,568.798193749253,695.1902104696704,566.691427127326,631.9942021094616,9.46099730141179,3,4,0,26.347012029375435,53.28681840705093,0.0,242,0.6567215846834272
2024-04-05,476,2517,340,12,94,22,3808,12.5,499.76685438192646,405.5684201208723,549.7599687573289,452.66763725139936,477.6641944391006,-4.755588365562878,4,4,0,25.49173832917603,30.88494206115989,0.0,183,0.6652564303137893
2024-04-06,613,3838,429,8,90,25,4291,14.285714285714285,607.0400491828183,530.5205609561973,721.430952030224,568.7803050695078,625.9757564932106,0.9818052079438339,5,4,1,38.87364451562977,38.83078451155042,0.0,179,0.9062274096371893
2024-04-07,454,4024,338,5,84,24,3632,12.5,474.99932208121066,528.3696511881238,551.3448890859967,501.6844866346672,539.8572701370603,-4.4209162213541875,6,4,0,44.29040944540417,60.40376313752389,0.0,246,0.8521771955343019
2024-04-08,495,4687,369,7,51,11,3960,12.5,501.21227834799487,489.3634271002975,507.8401433196176,495.2878527241462,498.60178520995754,-1.2394505514650707,0,4,0,28.18491476558529,38.148049971050966,0.0,142,0.6085479212123902
2024-04-09,524,4654,447,14,92,20,4192,12.5,475.0087436106832,612.209708902168,560.67485888532,543.6092262564256,586.4422838937439,10.313758861977915,1,4,0,40.93074581952352,49.260894060502004,0.0,255,0.7729304709205491
2024-04-10,663,4135,538,9,76,17,5967,11.11111111111111,632.368525428094,741.9126734889823,587.5619872597977,687.1405994585382,664.73733037439,4.8439277636674625,2,4,0,34.10440298163603,30.464821596324025,0.0,67,0.6237321228949078
2024-04-11,650,5461,506,19,111,25,3250,20.0,696.8159116345967,722.761257112271,470.4513418858593,709.7885843734339,596.6062994990651,-6.718548020061066,3,4,0,34.61013894515658,34.197207136726995,0.0,194,0.6343753024271849
2024-04-12,516,2627,410,7,69,17,3096,16.666666666666664,498.09080701078,519.6556831946044,388.4034681352404,508.8732451026922,454.0295756649224,3.595567863759509,4,4,0,32.01253862418361,31.32812435165466,0.0,165,0.6953052941664475
2024-04-13,408,2769,311,12,48,11,2448,16.666666666666664,370.5605732147886,435.8069068034401,518.539433722184,403.18374000911433,477.17317026281205,10.103456625297898,5,4,0,27.484399334561186,65.84885210740154,0.0,58,0.8475760830337484
2024-04-14,681,6370,573,17,91,23,4767,14.285714285714285,734.7740285554439,693.9641632642778,810.647868806675,714.3690959098608,752.3060160354764,-7.318444374138121,6,4,0,34.046365690366,55.743107807860994,0.0,90,0.7278004410398154
2024-04-15,535,3113,421,13,85,19,2675,20.0,574.7808416253656,474.9117932946215,687.7527471179412,524.8463174599935,581.3322702062814,-6.921045160947488,0,4,0,31.737915835422136,37.28471662754797,0.0,168,0.6880142150132997
2024-04-16,443,2573,311,10,59,12,3101,14.285714285714285,456.3188558103386,389.75892230464456,490.90466683823723,423.0388890574916,440.3317945714409,-2.918760783331378,1,4,0,26.443968179583518,31.226100088232243,0.0,146,0.696570254882021
2024-04-17,491,4518,360,14,69,18,4419,11.11111111111111,475.87081626811175,465.67201305017596,634.6615614766426,470.77141465914383,550.1667872634093,3.1792627777712403,2,4,0,25.80218382824965,64.68125984489794,0.0,145,0.6424571283337183
2024-04-18,459,3202,376,10,82,18,3213,14.285714285714285,467.4777601648707,534.7099102552245,379.31636685216057,501.0938352100476,457.01313855369256,-1.8135109062473347,3,4,0,37.45933167126965,55.26240880370082,0.0,192,0.6231116753361263
2024-04-19,507,3132,433,9,81,18,3042,16.666666666666664,474.6510630047423,578.8692969353507,504.65092393149223,526.7601799700465,541.7601104334215,6.815309079995571,4,4,0,29.94462148806354,64.82999605090046,0.0,160,0.7672841845971279
2024-04-20,654,5436,470,15,85,15,4578,14.285714285714285,674.501155722001,608.2697208011801,761.3108545194222,641.3854382615906,684.7902876603011,-3.0394544987926895,5,4,0,27.617473214366996,68.79284180314178,0.0,96,0.8004931299525531
2024-04-21,680,4197,596,12,90,17,5440,12.5,724.7281377600349,661.2014064360112,577.475423215753,692.9647720980231,619.3384148258822,-6.171712595329759,6,4,0,37.3428997320806,58.27108867541783,0.0,113,0.7028762471968305
2024-04-22,370,2970,285,7,65,15,2960,12.5,396.9519971478885,378.6047569398917,378.8590963694911,387.7783770438901,378.7319266546914,-6.789737132333223,0,4,0,25.683755318783163,69.46771921428646,0.0,250,0.7605962602618208
2024-04-23,348,2664,308,3,39,7,3132,11.11111111111111,319.36346866193765,292.78060683166296,365.6792422524125,306.07203774680033,329.22992454203774,8.966752352121892,1,4,0,38.76415731733191,45.89515953857604,0.0,291,0.796158761082917
2024-04-24,513,4791,405,10,76,17,4104,12.5,474.6010791113622,437.63304696371574,403.2823390357251,456.11706303753897,420.4576929997204,8.090778251186348,2,4,0,43.79639583853684,59.31595673365367,0.0,57,0.7211852390828495
2024-04-25,545,5368,391,12,78,21,3270,16.666666666666664,562.617926190455,649.3416206533157,503.8950428547122,605.9797734218853,576.618331754014,-3.131419275910359,3,4,0,25.350319817241246,39.76589161689497,0.0,75,0.7007416774168141
2024-04-26,520,2679,460,12,87,12,4680,11.11111111111111,537.3650377670544,536.0545292360437,472.7549841794948,536.709783501549,504.40475670776925,-3.231516110391633,4,4,0,28.1857489048561,54.19815690762164,0.0,112,0.7756831726089923
2024-04-27,605,5980,472,16,107,22,3025,20.0,557.7022654436557,641.4238187655952,701.2642838337498,599.5630421046255,671.3440512996725,8.480821665430858,5,4,0,43.51349661761424,47.526893856479504,0.0,275,0.8905033579369197
2024-04-28,572,4105,493,7,88,8,2860,20.0,556.7231995892879,548.2443118401976,639.0843453359607,552.4837557147428,593.6643285880791,2.7440567272896605,6,4,0,32.771162025406916,47.94774490490123,0.0,98,0.8509073831804921
2024-04-29,563,4351,444,5,89,11,3378,16.666666666666664,592.2021713241147,563.100283616243,577.3104460301556,577.6512274701788,570.2053648231993,-4.93111520662295,0,4,0,44.029571193319825,63.886694454902965,0.0,205,0.6890905859468576
2024-04-30,361,2852,291,7,63,16,2166,16.666666666666664,376.5584434925677,364.0662087308823,430.8304145157748,370.312326111725,397.44831162332855,-4.131747345316069,1,4,0,33.61724183076067,65.8685715936049,0.0,166,0.7184442798662881
2024-05-01,335,3179,250,9,35,10,2345,14.285714285714285,308.2951955060975,333.10681573096764,286.1120901118221,320.7010056185326,309.6094529213949,8.66208908966741,2,5,0,30.697458039238455,42.29159859705146,0.0,288,0.7401870730035999
2024-05-02,745,4058,628,13,147,38,5215,14.285714285714285,688.8601754716527,852.1059063976155,879.0021496545377,770.4830409346341,865.5540280260766,8.149669051474653,3,5,0,28.69170259074066,41.8111315688124,0.0,290,0.6388547142003602
2024-05-03,597,4678,448,17,88,22,2985,20.0,581.8970561547835,603.3280075639229,458.1274161680987,592.6125318593532,530.7277118660108,2.5954666182739947,4,5,0,25.051680296899647,55.5194082317319,0.0,70,0.6894402064432876
2024-05-04,471,2854,387,8,86,24,2355,20.0,446.2132066553963,523.8510070719435,407.36018564590324,485.0321068636699,465.6055963589234,5.554921498266229,5,5,0,41.45228637027357,46.94953014595051,0.0,251,0.865964252943457
2024-05-05,540,4885,460,7,76,9,2700,20.0,565.5823644539718,618.3641687493374,448.2236952294113,591.9732666016546,533.2939319893744,-4.52318991216596,6,5,0,26.914291110403234,30.945543441853456,0.0,192,0.8309450696996886
2024-05-06,429,3513,322,9,45,5,3003,14.285714285714285,437.32662546965037,459.1743576569937,414.25534724905026,448.25049156332204,436.714852453022,-1.9039831980749635,0,5,0,33.91581829154458,58.980674055944725,0.0,252,0.6822408134423709
2024-05-07,435,4330,315,5,75,16,3915,11.11111111111111,398.40948510204186,362.90453542977895,537.8838182873349,380.6570102659104,450.3941768585569,9.184147533180962,1,5,0,28.83734649437486,42.93486248462083,0.0,172,0.7326725068029363
2024-05-08,616,4442,533,14,65,14,3696,16.666666666666664,638.1922539119453,549.6763122075486,600.0549551477842,593.9342830597469,574.8656336776664,-3.4773618413436984,2,5,0,28.806497256381355,32.09355503146033,0.0,221,0.623644482414492
2024-05-09,344,2858,279,8,50,5,2752,12.5,315.70719671461444,407.5252052673823,371.85575340998923,361.6162009909984,389.6904793386858,8.961722627742637,3,5,0,40.09675639881696,36.8191175269567,0.0,155,0.6802995221129753
2024-05-10,488,4285,375,11,87,24,4392,11.11111111111111,450.8953105969223,580.5569355081886,347.4637170150814,515.7261230525555,464.010326261635,8.22911406063556,4,5,0,39.74360450014486,60.743992191540336,0.0,114,0.7586257075926113
2024-05-11,409,3766,328,9,44,11,2045,20.0,417.874188555571,410.118767445831,325.39320665989777,413.996478000701,367.7559870528644,-2.123650801751027,5,5,0,26.262180661583002,34.70596113894234,0.0,200,0.7441017574273295
2024-05-12,421,2289,373,8,54,9,2526,16.666666666666664,429.47004286896396,423.6404156240902,526.9384124339618,426.5552292465271,475.28941402902603,-1.9722080758839473,6,5,0,34.9392696581166,69.6863205929325,0.0,150,0.7371923015114835
2024-05-13,366,2545,292,6,56,12,2196,16.666666666666664,392.9417497158654,410.7874785772197,429.69068381303066,401.8646141465425,420.2390811951252,-6.856423308377608,0,5,0,31.093582781960816,33.23677132205009,0.0,198,0.7901637319832864
2024-05-14,571,4497,454,9,91,11,5139,11.11111111111111,550.1620913475234,674.4189553041356,682.4137829165736,612.2905233258296,678.4163691103546,3.7875944162997244,1,5,0,38.32613771670079,34.87047644501099,0.0,198,0.6419795259172462
2024-05-15,512,2626,372,14,79,23,4096,12.5,492.7299720279306,513.257853509682,493.41799074803,502.99391276880635,503.337922128856,3.910869860982814,2,5,0,27.11329368523488,55.63305258760825,0.0,142,0.6521837159300337
2024-05-16,504,3439,391,10,60,8,3528,14.285714285714285,529.6287572698614,528.0907466837697,442.72016658682,528.8597519768155,485.40545663529485,-4.839004098261747,3,5,0,33.60674355017842,36.82659034199994,0.0,198,0.7939231877808677
2024-05-17,476,2668,362,5,80,8,3808,12.5,488.67965239648186,424.38153276279525,399.64356581350165,456.53059257963855,412.0125492881484,-2.5946757419305104,4,5,0,29.416052595712785,36.950103826491784,0.0,213,0.7469417140530051
2024-05-18,244,1379,214,4,29,5,1952,12.5,243.1037805109013,212.4641853660402,227.46833051313635,227.78398293847073,219.96625793958827,0.3686571583606137,5,5,0,44.27644550964702,39.943210308597685,0.0,111,0.8399193066047057
2024-05-19,593,4392,417,9,104,13,5337,11.11111111111111,559.2229420212444,477.27504774553154,500.91947861391685,518.2489948833879,489.0972631797242,6.039998619633244,6,5,0,44.517475098201075,62.06148447531958,0.0,222,0.8705852767709162
2024-05-20,487,3082,403,9,61,7,3896,12.5,522.5179221944767,437.0295082452681,531.3298513195849,479.77371521987243,484.17967978242655,-6.797455299773855,0,5,0,41.21371855972532,54.563252447389445,0.0,206,0.6231646164473589
2024-05-21,456,3327,390,12,89,22,2280,20.0,496.3862000968895,512.3403434024661,340.1076527422508,504.36327174967784,426.2239980723585,-8.136044090066676,1,5,0,30.587354278694328,67.21275539351295,0.0,237,0.7411912473160014
2024-05-22,558,4172,433,10,68,18,5022,11.11111111111111,518.9588604911818,610.9952171786356,562.0918990880834,564.9770388349086,586.5435581333595,7.522973877325602,2,5,0,38.604555584167066,31.66691602409537,0.0,298,0.7007377218656478
2024-05-23,550,4802,457,14,60,6,4400,12.5,576.1259195404908,517.7153098704541,482.8567418249262,546.9206147054724,500.28602584769015,-4.5347585752309945,3,5,0,31.994064594916992,60.986141247247275,0.0,184,0.765830128056828
2024-05-24,438,3092,354,11,46,8,3504,12.5,472.9437121829463,487.49135878360187,366.4769873303293,480.2175354832741,426.9841730569656,-7.388556245236473,4,5,0,44.519816991975844,56.69401592185714,0.0,244,0.7016283437330388
2024-05-25,619,3470,509,15,101,20,3714,16.666666666666664,596.990279326445,526.207832039168,609.4684312191679,561.5990556828065,567.838131629168,3.686780410962044,5,5,0,27.279132694286343,49.440620119101595,0.0,209,0.8240482708537824
2024-05-26,574,4754,416,9,110,15,2870,20.0,559.7639837652627,585.5011095291927,535.6520238481194,572.6325466472276,560.576566688656,2.5432176144986185,6,5,0,28.27367602930603,40.95165230056426,0.0,261,0.7955484252799072
2024-05-27,559,3134,413,15,92,14,2795,20.0,531.9926551486253,568.8421071052633,604.6381341549834,550.4173811269443,586.7401206301233,5.0766386697255275,0,5,0,29.421267429074568,69.13589115202385,0.0,95,0.6956317847111688
2024-05-28,588,4869,432,12,116,33,5292,11.11111111111111,614.8065879835355,495.78836168484844,653.3731400856801,555.2974748341919,574.5807508852643,-4.360166027409799,1,5,0,26.837417754200892,68.60518968507986,0.0,256,0.7535939956123663
2024-05-29,573,4314,497,14,88,19,4011,14.285714285714285,549.7990525211369,587.9030407632865,637.9387668448212,568.8510466422117,612.9209038040539,4.219895864220527,2,5,0,42.46645831721615,55.45165415916992,0.0,177,0.7257132801294567
2024-05-30,380,2960,327,9,71,11,2660,14.285714285714285,372.5135680054579,425.61078724227224,312.5201246953889,399.06217762386507,369.0654559688306,2.0097071992911717,3,5,0,36.101698986045726,59.32285184118699,0.0,280,0.726652640321882
2024-05-31,476,3843,398,8,73,14,2856,16.666666666666664,500.8463203546746,387.5232819806215,546.18156834804,444.18480116764806,466.8524251643307,-4.960867105318789,4,5,0,29.04961120330475,68.32293920477521,0.0,170,0.6900564967663052
2024-06-01,612,5636,485,12,68,12,4896,12.5,639.1814828360151,706.5407270578503,646.1658795133872,672.8611049469328,676.3533032856187,-4.252545414083693,5,6,0,32.830513963556584,46.50487363394495,6.956181464968068,198,0.8062218992675055
2024-06-02,578,2974,423,7,80,14,4624,12.5,579.1686827648642,629.6511818095605,440.7148357267557,604.4099322872123,535.1830087681581,-0.20178624978220738,6,6,0,29.508775109273877,58.11773763914707,0.5280396046852809,73,0.8491435332409575
2024-06-03,602,3822,520,12,64,7,5418,11.11111111111111,631.6093951411665,718.0581810594318,497.194928542135,674.8337881002992,607.6265548007834,-4.687928230476797,0,6,0,41.5026133533223,50.811863076746164,3.7346259614417345,143,0.7651881838223837
2024-06-04,559,3712,439,6,68,14,3913,14.285714285714285,588.8045969800297,611.236499597461,491.73335341897877,600.0205482887454,551.4849265082199,-5.061882521450591,1,6,0,28.469601485319146,55.50213057880919,4.961663841132195,96,0.7393122804288093
2024-06-05,477,4387,370,10,75,10,4293,11.11111111111111,522.7582966142324,413.1381163731093,534.3121107930219,467.9482064936709,473.72511358306565,-8.753241586139687,2,6,0,36.71620291943804,53.45916368754828,6.976706275200751,158,0.7848145977691366
2024-06-06,404,3600,287,10,49,8,3636,11.11111111111111,402.45720486084804,393.52515251966565,510.01443851792556,397.99117869025685,451.7697955187956,0.3833438985606913,3,6,0,39.12038015328049,55.24682583826825,0.49842027782941556,88,0.7640648176294402
2024-06-07,212,1833,180,2,34,4,1696,12.5,218.65489862572673,250.7209198678772,157.17145968053674,234.68790924680195,203.94618977420697,-3.0435625579639867,4,6,0,26.141094423025088,41.287482987728005,2.6170568373590597,212,0.7123727579619037
2024-06-08,483,3080,414,14,66,12,2415,20.0,509.7302398018706,399.02874164143924,479.39813192654674,454.3794907216549,439.21343678399296,-5.243997258679512,5,6,0,25.672272003665654,32.50612813821418,9.06437453344411,234,0.8342812145287474
2024-06-09,368,3260,263,5,63,13,3312,11.11111111111111,335.0461799154514,356.04637656771655,315.04284024442086,345.546278241584,335.54460840606873,9.83560537620948,6,6,0,39.61641929961459,69.25188361988987,2.565300624442478,180,0.8852616553842392
2024-06-10,390,3364,287,6,51,14,3120,12.5,378.2614970227719,329.7989424425176,308.3917579239747,354.03021973264475,319.0953501832462,3.1032772485753246,0,6,0,29.5063385990247,40.038666453611924,8.506160578411379,296,0.7238336088486117
2024-06-11,537,3295,419,11,96,20,3222,16.666666666666664,492.077302133204,528.0429778003554,532.0691437133012,510.06013996677973,530.0560607568283,9.129195285385373,1,6,0,28.315490803265515,67.82792588001129,8.49975371480662,115,0.7649613895959662
2024-06-12,503,2760,438,9,87,13,4024,12.5,488.5109214037622,599.1860377762739,591.7260963998642,543.8484795900181,595.4560670880691,2.965968202840307,2,6,0,34.94511860629376,43.591098862475405,8.721357000224765,203,0.7377621007179974
2024-06-13,616,4679,456,16,115,31,4312,14.285714285714285,671.0257959573917,630.8289084635783,708.6696257869587,650.927352210485,669.7492671252685,-8.200250465614834,3,6,0,36.1596147756528,52.10054459130901,0.941519101256979,180,0.7103872722120933
2024-06-14,423,4038,341,8,46,10,2115,20.0,414.3184656350578,354.20462885822,408.0441137640489,384.2615472466389,381.1243713111345,2.0953771277452815,4,6,0,28.9121854608903,37.46893183092166,0.9403610443426635,269,0.6483676390830706
2024-06-15,418,2742,346,5,79,16,3344,12.5,434.37716627891194,467.0332977932761,372.0438286085357,450.705232036094,419.5385632009059,-3.770264081606036,5,6,0,42.14358513997506,66.24573019063065,2.769044873778089,89,0.7851995038936856
2024-06-16,593,4468,486,6,80,19,4151,14.285714285714285,570.8410125853297,663.8263242091886,759.4275410733858,617.3336683972591,711.6269326412871,3.8818141875112593,6,6,0,42.13747872150188,34.70575952637301,7.397303320855406,168,0.8935485649667432
2024-06-17,492,4880,410,11,57,15,3444,14.285714285714285,458.763767128996,396.0811599312294,509.6398778100506,427.42246353011274,452.86051887064,7.244737978982238,0,6,0,35.54799244245353,58.774144894766344,8.902580530178021,175,0.73155307665452
2024-06-18,545,3757,487,9,70,19,3815,14.285714285714285,573.2944827024949,651.3982935303047,676.2237955233102,612.3463881163998,663.8110445268074,-4.935418629726807,1,6,0,38.03335837412852,42.56243179970928,2.5432198117831675,263,0.7128790760677979
2024-06-19,450,2640,379,11,49,7,3600,12.5,486.48238868500835,493.14083413081744,366.6403128369384,489.8116114079129,429.8905734838779,-7.49922084201701,2,6,0,37.27554837631398,47.42021817592637,5.77249730768613,66,0.7865913251056456
2024-06-20,599,5515,475,17,97,12,3594,16.666666666666664,578.0474610487175,643.643996325989,444.3290286495686,610.8457286873532,543.9865124877788,3.624709104901093,3,6,0,28.497628743519186,64.22949035623145,2.271795570235149,249,0.7173023562074897
2024-06-21,586,3561,452,6,103,18,4688,12.5,637.3693247221622,673.0103306424594,679.5483754298124,655.1898276823108,676.279353036136,-8.059585350229208,4,6,0,40.76894686506597,56.59939613903981,2.60286857566003,274,0.7052165036834805
2024-06-22,462,4329,323,6,64,11,3696,12.5,451.0609432437293,393.41124197764714,437.8173850325424,422.2360926106882,415.61431350509474,2.425183762886741,5,6,0,41.04708658318528,49.16280252413405,0.18000088945214987,217,0.851862171030041
2024-06-23,533,3411,464,8,101,25,2665,20.0,569.1865329527818,635.7194814031658,571.8059702216788,602.4530071779739,603.7627258124223,-6.357587690112084,6,6,0,36.18369613658653,55.129524418531254,5.32675886761555,68,0.8425331237973089
2024-06-24,519,4859,374,12,79,9,2595,20.0,468.3875389655853,512.5162296304314,457.1140022006641,490.4518842980084,484.8151159155478,10.805680515367735,0,6,0,36.96714968595518,41.88951230834469,2.9991911150698467,271,0.6386320016816865
2024-06-25,434,4073,379,7,58,17,3906,11.11111111111111,463.3516095323071,396.72640273883013,415.55914732041134,430.0390061355686,406.14277502962074,-6.3346298854845315,1,6,0,30.355533509766683,61.56643386354926,5.73349345635218,198,0.6942616549148243
2024-06-26,514,2733,445,11,57,6,4626,11.11111111111111,465.95597565169476,589.7741896994514,379.7494379600666,527.8650826755731,484.76181382975903,10.310850565036745,2,6,0,44.11648967441505,31.00567833109091,6.944504561307088,217,0.6945030885639171
2024-06-27,434,3849,356,12,62,13,3038,14.285714285714285,429.24736254631966,484.1360730139704,470.3532881306683,456.69171778014504,477.24468057231934,1.1072024823839153,3,6,0,38.528527246767844,35.26773753888154,2.3418444681548567,125,0.675644903048669
2024-06-28,316,2350,262,9,50,12,1580,20.0,301.39820537623297,304.24124937777094,390.2246109622169,302.819727377002,347.2329301699939,4.844685324366723,4,6,0,25.05842065242724,31.590638599542782,6.0407167707121925,76,0.7034586964304507
2024-06-29,457,4504,350,8,54,11,4113,11.11111111111111,454.64996162741727,473.61056826434634,467.1474533059424,464.1302649458818,470.3790107851444,0.5168896009956274,5,6,0,42.082719953010084,31.979874139746663,8.333170714730125,197,0.7826214795454288
2024-06-30,430,2382,330,11,67,13,3010,14.285714285714285,390.8173484066935,391.7853965184583,511.7040012662853,391.3013724625759,451.7446988923718,10.02582197362747,6,6,0,30.69124603525795,62.7282667499299,5.315994646044309,108,0.7398690978942366
2024-07-01,607,4532,510,18,68,10,3035,20.0,593.6305036471035,662.8100829884106,746.2185661297435,628.2202933177571,704.5143245590771,2.252157911488366,0,7,0,38.41886009485016,40.326930167646765,6.746078529162162,210,0.6824732974549362
2024-07-02,502,4577,447,13,50,11,4518,11.11111111111111,535.0905907092712,409.74419449897204,613.9252354592151,472.4173926041216,511.8347149790935,-6.184109996292228,1,7,0,30.13388456620092,56.61168407912221,8.003548790234067,213,0.6144553895146353
2024-07-03,411,2915,349,4,44,7,2466,16.666666666666664,424.85667156062357,440.3733408769696,376.94946974061753,432.61500621879657,408.6614053087936,-3.261493225403272,2,7,0,36.87321582417077,30.405247361109737,6.360960464095422,167,0.7151571725548823
2024-07-04,469,2616,342,6,76,18,4221,11.11111111111111,428.3324326005717,475.37229784996055,368.297386635479,451.8523652252661,421.8348422427198,9.494393677480785,3,7,0,25.234132214618082,46.88137040510556,2.9504070765415626,114,0.7707309097882225
2024-07-05,481,4593,414,6,70,18,3848,12.5,470.16716674132505,548.6942539745476,453.2649235994977,509.4307103579363,500.97958878702264,2.3040386536890876,4,7,0,26.552292894628817,51.70137474129006,8.617424949182954,79,0.7450574168709111
2024-07-06,423,3059,363,11,78,22,2961,14.285714285714285,429.9540139618621,401.2023740456466,448.65262353389915,415.57819400375433,424.92749878977287,-1.617385519391595,5,7,0,39.11171725287649,57.536200739685476,3.7455288702012135,233,0.7720788080108222
2024-07-07,544,2841,463,15,72,14,3264,16.666666666666664,558.8949721390761,509.31546664808906,404.2067605198733,534.1052193935826,456.76111358398117,-2.6650753507529554,6,7,0,33.19257789790464,42.44869980253574,6.7712063973500936,118,0.7174142411154616
2024-07-08,397,3039,344,8,61,7,1985,20.0,368.45990562572183,394.7116443059124,284.45924667290666,381.5857749658171,339.5854454894095,7.745780188976364,0,7,0,35.109102358209,68.56069628470809,3.8420671298580023,204,0.6404298798450542
2024-07-09,323,2120,235,6,36,9,2907,11.11111111111111,352.45235635051364,298.964499885154,398.27263169342245,325.7084281178338,348.61856578928825,-8.356407843454248,1,7,0,37.05885752958923,63.0682943896595,9.840131632104644,126,0.7090980680989671
2024-07-10,354,2844,258,3,69,17,3186,11.11111111111111,329.5134690570369,361.60554632669437,362.8581021558848,345.55950769186563,362.2318242412896,7.431116856326325,2,7,0,40.2380362520974,63.34599847750342,4.404413503124241,91,0.6414114166766065
2024-07-11,554,3260,444,13,68,18,4432,12.5,537.0782959245803,571.831620380203,434.0689835273092,554.4549581523917,502.95030195375614,3.1506959420672547,3,7,0,33.880874984044056,55.04937285684255,4.888978317924514,228,0.7087946222569935
2024-07-12,584,5204,494,9,77,19,4088,14.285714285714285,549.1132541936603,559.5041768265448,422.6266203249711,554.3087155101025,491.06539857575797,6.353287876390601,4,7,0,34.510920749736535,51.720983358306526,2.277497361032096,113,0.6463198049527797
2024-07-13,666,4507,527,7,116,24,5994,11.11111111111111,705.1888602515809,606.2644801821615,816.6853961748683,655.7266702168712,711.4749381785149,-5.557214876820373,5,7,0,43.88084187650796,35.951838776204625,4.626756050653935,97,0.8697847738952146
2024-07-14,656,3587,558,13,85,16,4592,14.285714285714285,617.0628695504946,724.6958454175078,611.3423434855438,670.8793574840013,668.0190944515258,6.310075094596036,6,7,0,35.22550924401502,49.693019200047274,5.772790292331313,228,0.7794542945680919
2024-07-15,489,3529,401,10,88,17,2445,20.0,445.9163194352201,391.8196311823853,530.1341846115937,418.86797530880267,460.9769078969895,9.661830860854788,0,7,0,30.968698247237533,39.61529554797935,3.1189908000428046,116,0.6491101251888982
2024-07-16,595,4308,477,13,114,11,5355,11.11111111111111,539.1353853941123,683.5475045503878,604.7197465598088,611.34144497225,644.1336255550982,10.361889818278247,1,7,0,37.650882199316555,55.77881108484135,8.197978049847276,218,0.7624652360494124
2024-07-17,410,4012,287,12,68,18,2870,14.285714285714285,429.50530052204556,464.7997139081108,469.1571284605657,447.1525072150782,466.97842118433823,-4.541341049420739,2,7,0,27.85700574601677,60.13711689027876,7.689227821076409,177,0.6685677929610901
2024-07-18,431,3898,377,10,47,8,2586,16.666666666666664,394.59337264869237,415.0604185499911,406.9777380878873,404.8268955993417,411.0190783189392,9.226365639881276,3,7,0,26.320196882804833,43.952821358779175,1.1099809879131484,237,0.6222975375677564
2024-07-19,672,3380,483,18,113,13,4032,16.666666666666664,711.5828891795567,727.6648450892884,490.6511278222742,719.6238671344225,609.1579864557813,-5.562653315792218,4,7,0,26.45803670735807,46.11493130530548,2.9529049404794327,83,0.7140818982807283
2024-07-20,567,3631,488,16,79,22,5103,11.11111111111111,576.4413996445236,644.6179332708074,583.6631489000465,610.5296664576655,614.140541085427,-1.6378767469418143,5,7,0,29.385479238477515,31.34676712855491,2.1462807325880284,68,0.8163128408875977
2024-07-21,414,3909,331,7,65,14,3312,12.5,425.351121310299,418.3517130320064,404.8521028410333,421.85141717115266,411.60190793651986,-2.668647322553596,6,7,0,29.69306883551699,42.127762378441844,2.8997011894360902,79,0.8429391350471469
2024-07-22,533,4051,388,13,67,13,3198,16.666666666666664,493.9661034957673,560.6217009773183,390.4753847363646,527.2939022365427,475.54854285684144,7.902140699127378,0,7,0,39.972904682524,42.70347181044467,0.0013469300448532007,299,0.6480438866416771
2024-07-23,570,4541,501,12,83,13,4560,12.5,597.4630624013362,528.109594138282,433.8471967185766,562.786328269809,480.9783954284293,-4.596612599104629,1,7,0,32.20467837600856,40.81573145538102,8.427119021605549,221,0.6887542678184491
2024-07-24,593,4660,522,17,84,14,4744,12.5,613.7716112523506,501.9205800157858,430.14740437342994,557.8460956340682,466.0339921946079,-3.3842574129435214,2,7,0,36.29258101994526,67.20683861753699,8.442487024058185,232,0.6564735838085313
2024-07-25,596,5858,507,17,101,16,5364,11.11111111111111,593.0684676557288,628.0265939471511,774.6091303619095,610.54753080144,701.3178621545303,0.49429914152389803,3,7,0,27.096161299951444,49.94283198022836,3.8512011990250006,90,0.6161907472231376
2024-07-26,623,4597,449,14,110,11,3115,20.0,583.878465800706,635.9756856716217,591.5251057569689,609.9270757361638,613.7503957142953,6.700287215704119,4,7,0,39.39307633221061,44.84646459142967,8.697631766817107,103,0.7753227654031783
2024-07-27,472,3959,387,7,53,12,2832,16.666666666666664,494.38191436078574,561.6029339801103,345.18265174553596,527.992424170448,453.3927928628231,-4.527251849357107,5,7,0,38.64387761253221,48.72616565204122,5.791752553747221,70,0.8457739608976682
2024-07-28,536,3450,414,5,59,11,4288,12.5,493.10572322579833,576.3167287584414,452.9914649510133,534.7112259921198,514.6540968547274,8.698799213603921,6,7,0,43.221374055347674,63.530614381828194,7.093829670873909,191,0.7602926118917601
2024-07-29,478,3356,385,10,48,9,3824,12.5,434.18239183738444,458.43021721799727,553.230230383892,446.3063045276908,505.8302238009446,10.091981845967325,0,7,0,34.098377790151744,40.69010519174381,2.1980534882319,141,0.7198745985743973
2024-07-30,236,2331,171,2,41,10,1416,16.666666666666664,220.97808980148665,229.9119198445748,212.2252701396681,225.44500482303073,221.06859499212146,6.797918387297189,1,7,0,31.83607410984365,59.56106231151835,2.2326338550519633,106,0.6402527576268945
2024-07-31,598,5902,519,6,113,29,2990,20.0,573.0208520351074,527.9371044278358,473.2552094957692,550.4789782314716,500.59615696180254,4.359204010845001,2,7,0,42.98910425092203,58.40541727192263,9.373784381643208,275,0.7780473243591542
2024-08-01,364,2701,309,7,38,11,1820,20.0,345.0107590225473,368.4753589297633,396.96908198978707,356.7430589761553,382.72222045977514,5.503956175526606,3,8,0,37.891823494846875,52.45174171793611,7.769280103272255,66,0.622981268672382
2024-08-02,433,2469,357,11,68,8,3897,11.11111111111111,435.3611646672612,503.39211094998046,345.6762899781693,469.37663780862084,424.53420046407484,-0.5423461849349418,4,8,0,37.856378296003484,62.39440749442345,9.473952495864468,151,0.6007674291015601
2024-08-03,440,2839,349,12,75,8,2200,20.0,477.8933988264953,439.52699052573917,368.78624306757587,458.7101946761172,404.15661679665754,-7.929257637696084,5,8,0,25.891276468973583,46.62568746743623,3.019167000775018,275,0.8004016395478364
2024-08-04,500,4199,357,7,90,17,3000,16.666666666666664,468.0307935422778,491.719588702768,518.2623390087853,479.8751911225229,504.9909638557766,6.830577581394623,6,8,0,42.27923161470021,49.2533350614266,8.976746726779567,157,0.8166255646905738
2024-08-05,337,3106,302,8,62,9,1685,20.0,316.57279248016107,397.8527384367749,437.0524612399153,357.21276545846797,417.4525998383451,6.45260995419215,0,8,0,39.234456114920974,69.24574927167288,5.695397795671036,188,0.7157930640591609
2024-08-06,582,3422,432,5,59,15,5238,11.11111111111111,629.4794195959478,685.2937308085473,742.6793530583822,657.3865752022475,713.9865419334647,-7.542648435817649,1,8,0,35.42919277442944,69.09231631966014,7.573102071344389,190,0.6109023854875653
2024-08-07,491,4552,419,7,60,11,2455,20.0,457.87711484200116,503.7827553657213,571.0212879742978,480.8299351038612,537.4020216700096,7.234011939956531,2,8,0,34.97791329071884,30.4841246710443,0.09038469079292177,150,0.6628087613836865
2024-08-08,589,5314,417,15,69,14,4123,14.285714285714285,560.0001230068588,529.1122327005297,554.6369384165598,544.5561778536942,541.8745855585448,5.17854832556636,3,8,0,42.89285595155269,30.017711257488315,9.013830966419349,231,0.6998397893682664
2024-08-09,288,2012,254,8,30,7,1440,20.0,295.8015539899885,240.85114009746405,207.23638147342268,268.3263470437263,224.04376078544337,-2.637428331513284,4,8,0,26.15405856831798,47.77461396966058,2.755479392194834,66,0.6433158371254482
2024-08-10,431,3370,332,9,53,7,3879,11.11111111111111,471.89088697415207,349.54430751820763,518.8764595308344,410.7175972461798,434.21038352452103,-8.66532668947088,5,8,0,40.03544346078186,39.14777637601459,9.563200933875276,71,0.8745251770971793
2024-08-11,579,5404,438,16,91,17,4053,14.285714285714285,570.6047120677954,538.7799806038482,696.9977643932339,554.6923463358219,617.8888724985411,1.4712966357710588,6,8,0,27.876287006296273,47.204115061192,9.037575717751421,203,0.7174218578922867
2024-08-12,481,4281,382,9,57,12,2405,20.0,461.34582764280236,499.04759730777005,346.16885752351635,480.1967124752862,422.6082274156432,4.260182097585785,0,8,0,37.720849375599364,44.57416953712928,2.9524180248964216,276,0.6974768883344086
2024-08-13,592,4460,462,15,108,17,3552,16.666666666666664,624.4304966576468,557.0962970839536,707.3646465498699,590.7633968708002,632.2304718169117,-5.193611912172077,1,8,0,35.31318811712907,48.53174613091187,0.45403281468692547,165,0.7382832115026304
2024-08-14,449,2532,383,4,63,12,4041,11.11111111111111,469.03691899465343,395.22062109270774,369.1440149109895,432.12877004368056,382.1823180018486,-4.2719278980428905,2,8,0,25.201812133780493,47.49927706432839,8.82734380673422,135,0.6523502200268965
2024-08-15,491,4245,438,7,81,20,4419,11.11111111111111,516.4405698351725,512.5315306894156,607.6736195790168,514.486050262294,560.1025751342162,-4.9261369693113215,3,8,0,41.360534982773856,40.112544243568024,2.7143857763420023,234,0.7248481473995037
2024-08-16,578,5221,518,14,80,17,2890,20.0,564.2077271421961,558.2253982326962,666.028140157405,561.2165626874462,612.1267691950507,2.4445381008275167,4,8,0,25.41342737783809,40.76078587193242,5.17596301315522,258,0.765877030028475
2024-08-17,474,4626,335,7,75,11,2370,20.0,438.9184420910008,485.39338583526785,553.8401390503362,462.15591396313437,519.616762442802,7.992728157393242,5,8,0,39.16979394985594,36.88356917181038,9.724199990401033,176,0.7380673950190095
2024-08-18,553,4740,438,15,93,22,2765,20.0,528.0123177812463,620.9240839353147,451.880832060964,574.4682008582805,536.4024579981393,4.732405168832817,6,8,0,31.906839044897758,43.42441817079371,9.785254683891406,52,0.8834441183649726
2024-08-19,588,3289,501,13,84,17,2940,20.0,573.9488826806996,508.74591124631024,688.9733541177012,541.3473969635049,598.8596326820057,2.448147865306904,0,8,1,39.68887864151183,45.374201540965394,0.2519341395922936,165,1.0660675597987073
2024-08-20,525,4241,456,6,81,16,2625,20.0,528.600507948836,533.5542590979519,502.82272222646037,531.077383523394,518.1884906622062,-0.6811397065824468,1,8,0,31.176688480146815,49.29057445008769,1.1849235876840059,289,0.6598464008602121
2024-08-21,467,4203,378,8,52,14,3736,12.5,483.54603532354673,490.3554519607165,415.5972162080572,486.9507436421316,452.97633408438685,-3.4218118058760574,2,8,0,41.328215699300614,50.06061845918936,0.7089157589128536,255,0.6861716550764542
2024-08-22,611,5599,538,6,102,11,3055,20.0,552.3190294500345,584.2827079249636,497.8773876711323,568.300868687499,541.0800477980479,10.624470174130423,3,8,0,33.23310920913405,67.39977727355063,4.3054020950719,205,0.6624383767572776
2024-08-23,693,4866,494,17,89,16,4851,14.285714285714285,717.60717504679,574.3891949600395,570.5059056451646,645.9981850034147,572.447550302602,-3.429059226614548,4,8,0,32.62882082826623,69.2819814806385,7.848618229588801,184,0.7450222319866633
2024-08-24,381,2701,323,4,48,7,2286,16.666666666666664,412.60251095968556,306.5496525458052,369.5966379521418,359.5760817527454,338.0731452489735,-7.6593113517851,5,8,0,44.54208466103147,34.12485449632303,5.477846943833194,205,0.8592601326830265
2024-08-25,552,3873,467,13,78,13,4416,12.5,504.97426085752323,575.2905733625405,557.560827839246,540.1324171100318,566.4257006008933,9.312502198155585,6,8,0,39.80322737522926,55.228018846351404,5.4960626853075665,215,0.8665874784637322
2024-08-26,508,2735,363,14,65,7,4064,12.5,503.73505670549514,425.11375545692573,524.2699241154204,464.42440608121046,474.6918397861731,0.8466639829275029,0,8,0,37.83263817654709,58.151692439620305,3.7325981446275893,76,0.7971536499171483
2024-08-27,539,4516,453,11,70,10,4312,12.5,485.31759621325966,468.7320091971442,415.1591577965761,477.0248027052019,441.94558349686014,11.061293512867202,1,8,0,33.98169490021893,54.49032603047378,2.1308500868480817,228,0.7582568584993368
2024-08-28,478,3794,401,11,67,6,3824,12.5,519.7071385279038,486.0285023189233,604.0920534389783,502.86782042341355,545.0602778789507,-8.025123273473081,2,8,0,29.409673869466083,59.02903641456413,6.172490208487257,209,0.7202768141377127
2024-08-29,527,4406,471,6,53,9,3689,14.285714285714285,568.1120104840377,439.37071712007264,624.1332626017737,503.74136380205516,531.7519898609232,-7.236602945431447,3,8,0,42.226392516301814,62.69009245467285,5.12726394261776,204,0.6678440596783568
2024-08-30,501,4041,414,7,85,10,2505,20.0,532.90063056143,410.8237227949509,624.7033007735902,471.8621766781905,517.7635117842706,-5.986224960518731,4,8,0,25.59008110290412,44.23884129953578,0.15813196232962068,92,0.7089190897421499
2024-08-31,491,3062,349,9,85,18,3437,14.285714285714285,500.30967568135895,465.90015695447306,441.81207323387036,483.10491631791604,453.85611509417174,-1.8607826579968387,5,8,0,42.69928616361176,45.33136958568805,4.935009921544083,112,0.7082136345580811
2024-09-01,359,2902,304,8,54,6,2154,16.666666666666664,353.79418769561534,316.8128193700825,423.55942175803114,335.30350353284894,370.1861205640568,1.471423919734785,6,9,0,31.672135780580863,64.60773389591245,9.15257184917823,86,0.8489650151059827
2024-09-02,520,4332,445,9,84,12,4160,12.5,554.6988859509718,519.8818081323018,530.927957434867,537.2903470416368,525.4048827835844,-6.2554454010637235,0,9,0,27.887752642673345,61.35949434757421,4.193896116669716,112,0.6891911090184204
2024-09-03,452,2309,343,9,47,9,3616,12.5,425.78665319627186,412.4116851136899,509.7547541313082,419.09916915498087,461.08321962249903,6.156451031743535,1,9,0,25.229849465962307,46.351090449165284,9.240268704257328,134,0.6040046459464375
2024-09-04,322,1868,229,4,53,14,2898,11.11111111111111,343.0258330086071,315.0707172619076,381.08916370176536,329.0482751352573,348.0799404818365,-6.129518824921714,2,9,0,25.159288094909023,66.9824422150722,4.433065095171753,283,0.6125013883020821
2024-09-05,285,1929,246,7,37,10,2565,11.11111111111111,275.12432489571233,268.40444416240825,285.96344023515496,271.7643845290603,277.1839421987816,3.58953179004841,3,9,0,43.82241625067347,65.05277732569246,1.025679625835898,186,0.6774932927643513
2024-09-06,553,2979,478,9,84,21,2765,20.0,535.8328250600348,544.5597780580543,524.6364303062117,540.1963015590445,534.598104182133,3.203830399535862,4,9,0,25.26502067007821,41.83771555434626,4.591892337325618,136,0.716684303803687
2024-09-07,555,3412,401,7,55,13,4440,12.5,556.6576018403719,479.8225418342952,416.32359439105966,518.2400718373335,448.07306811267745,-0.29777763474200974,5,9,1,25.38257932874574,36.62992707860883,8.908555349831467,255,1.039261184685638
2024-09-08,408,2287,337,8,45,6,2856,14.285714285714285,387.22074883596287,335.8218883855392,381.3248463623872,361.521318610751,358.57336737396315,5.3662545786873075,6,9,0,29.68406741852668,38.78215692919208,9.598628027134552,121,0.823840863458431
2024-09-09,496,4349,433,11,70,17,4464,11.11111111111111,496.0111850060014,478.5324860547658,606.2688251617687,487.2718355303836,542.4006556082672,-0.0022549906815691897,0,9,0,37.628378424367526,51.30016265663927,1.1539464217891737,226,0.6960588517582712
2024-09-10,522,3903,462,9,103,20,4698,11.11111111111111,510.7101185608299,604.616893566801,429.39189128055745,557.6635060638155,517.0043924236792,2.2106241934239947,1,9,0,35.15610127917558,46.77086644664088,0.18124041045729733,66,0.7323407690962693
2024-09-11,541,3808,474,7,92,25,4328,12.5,562.3452003416273,595.6709268371453,529.6569335983892,579.0080635893863,562.6639302177673,-3.7957468701893466,2,9,0,42.48341364314052,38.137459005443645,1.2738641600033929,167,0.6438252129341602
2024-09-12,586,5249,463,8,108,29,4102,14.285714285714285,528.9666924780012,564.8428770222249,637.9574203053403,546.9047847501131,601.4001486637826,10.782022447353008,3,9,0,25.310166612531845,41.23527860744975,2.0795635928938996,185,0.6225686374367243
2024-09-13,472,3638,421,5,77,8,2832,16.666666666666664,473.261959045232,564.3643119472232,395.9745170653018,518.8131354962276,480.1694145062625,-0.2666512744396159,4,9,0,43.850918793538106,31.71350220476453,4.463868902631948,52,0.719286790925132
2024-09-14,594,4011,460,6,81,15,4752,12.5,539.9839303405543,558.3469176322425,746.998386566198,549.1654239863983,652.6726520992202,10.003273546562612,5,9,0,32.58453074360898,63.2547082488788,8.42325504749934,186,0.7969379033872614
2024-09-15,526,2804,448,11,93,23,3156,16.666666666666664,553.1943978724044,423.877785667863,433.60566980705795,488.5360917701337,428.74172773746045,-4.915884538418049,6,9,0,39.26471736166674,45.46480690535337,6.624839469416082,176,0.705373530808987
2024-09-16,651,6153,553,18,114,25,3906,16.666666666666664,701.6644556969893,671.5212788749093,702.7120512826681,686.5928672859493,687.1166650787886,-7.220610262588038,0,9,0,28.12953432007201,48.95684880464411,7.16397111958099,103,0.6760963770986071
2024-09-17,636,3769,521,17,118,28,4452,14.285714285714285,596.3034724397091,528.3815926904945,710.8531849846323,562.3425325651018,619.6173888375633,6.657101525482813,1,9,0,32.65597528872776,62.873237863414374,6.595107686407702,273,0.621225117098199
2024-09-18,323,2311,261,6,52,12,2907,11.11111111111111,311.6634622913271,293.22093260816166,263.1015721868845,302.4421974497444,278.16125239752307,3.6374291761143547,2,9,0,38.89281917787456,38.748624519917094,5.953032659274891,71,0.7062713663505391
2024-09-19,484,4799,414,12,84,10,2420,20.0,480.5142447257564,438.3112421521526,459.38597836580533,459.4127434389545,448.84861025897897,0.7254218397277772,3,9,0,42.76928219845841,62.97307567517077,6.300398784799822,95,0.6791555359320861
2024-09-20,630,5250,481,17,118,19,5670,11.11111111111111,621.9888694399287,672.0265212655421,476.6557671380144,647.0076953527355,574.3411442017782,1.2879861607949497,4,9,0,39.96009472742807,62.50854479572248,7.068378557805412,87,0.7226303822206036
2024-09-21,616,5564,536,18,76,8,5544,11.11111111111111,593.5904678585077,729.6296800309847,760.7763357789349,661.6100739447462,745.2030079049598,3.775251348347789,5,9,0,41.98358011003408,46.24047206824443,0.13698550408914545,97,0.8611204437540476
2024-09-22,418,2742,293,4,80,19,3344,12.5,379.4552181950889,474.366401773285,447.97717096910486,426.9108099841869,461.1717863711949,10.157926405190224,6,9,0,36.2679070142528,54.984561924581264,8.644332468683642,187,0.7599337367682981
2024-09-23,433,3546,366,10,49,10,3031,14.285714285714285,464.9043742357237,412.06491043066205,399.612048162721,438.4846423331929,405.8384792966915,-6.862567014597934,0,9,0,37.37054117436371,55.32290613998052,4.692852273257904,198,0.7924204208330056
2024-09-24,483,4784,400,12,82,17,3381,14.285714285714285,526.3927869612742,547.3031234411054,443.13259729406724,536.8479552011897,495.21786036758635,-8.243423549127488,1,9,0,42.27282842593232,34.402531368044606,9.250471753430144,221,0.7071269001175149
2024-09-25,696,5906,577,10,80,18,5568,12.5,684.0047831726548,613.6399700724388,504.88213561534747,648.8223766225468,559.2610528438931,1.7536744073202462,2,9,0,36.59452314194449,48.11644281070443,9.48744395149711,227,0.7236581597509576
2024-09-26,500,2547,427,11,84,22,4000,12.5,546.0920146928825,507.18701577042367,496.54868979797163,526.639515231653,501.8678527841977,-8.440338524049691,3,9,0,33.0377439978146,36.14764171376818,5.726072328820225,279,0.7361344746451475
2024-09-27,435,3785,312,9,74,8,2610,16.666666666666664,398.8571878944597,453.59137026398423,534.4339544719506,426.22427907922196,494.01266236796744,9.061592269738398,4,9,0,42.65829633037444,56.3618164052893,2.1123183147293103,94,0.733346305971518
2024-09-28,521,5147,435,9,93,25,2605,20.0,572.8121891699554,423.05741951064545,645.2165696462454,497.93480434030045,534.1369945784454,-9.045231604626796,5,9,0,37.45261067197316,68.93530476659285,4.650095175264276,144,0.8021941486090124
2024-09-29,455,3065,358,8,75,20,4095,11.11111111111111,417.24441723690046,434.17876183742663,337.89252470901255,425.71158953716355,386.0356432732196,9.048792794670973,6,9,0,29.215862031000572,39.174631081506895,4.691072110475787,151,0.7857528582229367
2024-09-30,532,5166,380,9,81,24,2660,20.0,581.7698199046815,519.176775528883,461.25521934672,550.4732977167823,490.21599743780155,-8.55489889675541,0,9,0,40.96586394418374,43.05015672164587,2.9938337370534827,143,0.6107563928354756
2024-10-01,358,2331,320,4,67,17,2148,16.666666666666664,381.57889916340434,387.5959364226466,383.1785995025731,384.58741779302545,385.3872679626098,-6.179298492421904,1,10,0,28.119617273978662,49.13984465023847,0.0,59,0.6044171690602359
2024-10-02,370,2785,269,8,47,9,1850,20.0,365.68924038119036,441.6667058866962,346.84716791338195,403.6779731339433,394.2569369000391,1.178804061698986,2,10,1,39.30372909560482,41.276761716189164,0.0,275,1.0073883583598293
2024-10-03,673,5297,560,17,125,20,6057,11.11111111111111,738.8801222278967,777.8585985329811,621.0984806477234,758.3693603804388,699.4785395903523,-8.916212555461996,3,10,0,28.903330344373007,49.57570149626355,0.0,257,0.6667321781267386
2024-10-04,467,3866,379,11,77,9,2802,16.666666666666664,431.80992257190474,504.0855207890668,443.503932012898,467.94772168048576,473.7947264009824,8.149436960248508,4,10,0,35.27701469153196,66.13192057502843,0.0,158,0.6775390309678013
2024-10-05,690,5139,571,10,107,18,4830,14.285714285714285,640.4888489854947,709.5621670476954,559.701927128696,675.025508016595,634.6320470881957,7.730212804317947,5,10,0,30.572861262300727,38.74839201294333,0.0,286,0.7276736401776379
2024-10-06,662,4655,582,14,104,22,3310,20.0,699.8191469072565,596.5410279753767,836.3290781283945,648.1800874413166,716.4350530518856,-5.404131492313751,6,10,0,42.879704100939215,43.499213026995925,0.0,108,0.8476336541073688
2024-10-07,540,3172,450,7,65,17,4320,12.5,486.07056620222033,620.0645113711117,634.8007194797597,553.0675387866661,627.4326154254356,11.094980348047521,0,10,0,37.54657870181356,60.01063055755369,0.0,231,0.7713928829552479
2024-10-08,546,3454,442,7,70,10,3822,14.285714285714285,495.77445580033583,500.4550635070446,450.1904107009884,498.1147596536902,475.3227371040165,10.130724488131273,1,10,0,29.762933073313924,66.33738207517501,0.0,216,0.7877429270748071
2024-10-09,586,5158,470,14,113,19,3516,16.666666666666664,547.4070201802227,475.94068807082033,482.08404775843843,511.67385412552153,479.0123679146294,7.050143384546166,2,10,0,31.808231122285193,50.42323029838239,0.0,165,0.6984724607039252
2024-10-10,651,5435,516,16,73,16,3255,20.0,696.9582557920431,762.5510648676944,844.893173511039,729.7546603298688,803.7221191893667,-6.594118860076471,3,10,0,40.92014804854567,60.14936281712018,0.0,257,0.7401731398250857
2024-10-11,443,3562,335,5,61,15,3101,14.285714285714285,465.2181909200995,376.63617179280953,515.5026433469781,420.9271813564545,446.06940756989377,-4.775864605843724,4,10,1,29.73866649813297,57.09572519555491,0.0,134,1.1566653370307618
2024-10-12,532,4881,471,9,70,17,3724,14.285714285714285,534.6318718471764,590.5719342304772,447.22865152367547,562.6019030388268,518.9002928770763,-0.4922773941783843,5,10,0,31.901674910264674,31.204154888452756,0.0,164,0.7836582222186972
2024-10-13,620,5125,457,9,100,21,4960,12.5,649.6443050164822,564.8112405717886,538.761167663295,607.2277727941355,551.7862041175418,-4.563159376226676,6,10,0,44.26720640892076,30.41137983742768,0.0,81,0.7618825589740889
2024-10-14,670,5169,515,12,120,18,4690,14.285714285714285,716.8375848753788,559.849243581501,867.6618214957256,638.3434142284399,713.7555325386134,-6.53391868166642,0,10,0,35.82005797855325,69.39382975868375,0.0,265,0.787344911170698
2024-10-15,564,2994,405,7,89,11,5076,11.11111111111111,557.9893986747611,564.3424518549975,478.2692755885496,561.1659252648793,521.3058637217736,1.0771891615708513,1,10,0,34.41920504869467,56.47654530548046,0.0,75,0.7031353102154146
2024-10-16,480,3954,362,6,62,7,3360,14.285714285714285,437.33813008132427,385.3205687461727,397.1848158322962,411.32934941374845,391.25269228923446,9.754893750229973,2,10,0,38.27047187826905,46.44789955530183,0.0,211,0.6994507773181756
2024-10-17,461,4050,349,7,51,9,2766,16.666666666666664,431.9231125674275,431.88464528724677,441.6262776310987,431.90387892733713,436.7554614591727,6.7319591349799115,3,10,0,41.61898342110137,34.79564373890848,0.0,239,0.6356832193126991
2024-10-18,595,4420,430,14,116,14,2975,20.0,555.0642579603866,503.74677174425585,611.6703584997505,529.4055148523212,557.7085651220032,7.1947961820419515,4,10,0,43.04826066572207,43.75830746230742,0.0,96,0.6216310029146713
2024-10-19,504,2786,440,10,85,15,3024,16.666666666666664,486.54090635046396,405.3795144608556,602.7490448354988,445.9602104056598,504.0642796481772,3.588412283870732,5,10,0,41.01961400806729,34.178180724006054,0.0,286,0.8684213724967024
2024-10-20,474,2549,366,5,75,10,3318,14.285714285714285,482.9915315767811,519.289121984423,341.0269160558199,501.14032678060204,430.15801902012146,-1.8616333804916212,6,10,0,38.174352774540445,51.29167503805817,0.0,125,0.8228266352375037
2024-10-21,529,4623,429,7,75,19,3174,16.666666666666664,521.7245434239469,496.7349770883905,386.2809398600727,509.2297602561687,441.5079584742316,1.3945014984930768,0,10,0,26.055305157192052,57.68045023786619,0.0,232,0.6651649168038898
2024-10-22,537,3271,482,11,61,14,3222,16.666666666666664,571.7495091381094,605.8855353327042,529.7022982750377,588.8175222354068,567.793916803871,-6.077750585303158,1,10,0,32.01638218670031,44.50239186236378,0.0,224,0.6383472434780533
2024-10-23,508,2936,440,8,97,20,4572,11.11111111111111,515.7695996558679,561.2147499304486,593.8029214318171,538.4921747931583,577.508835681133,-1.506408997554703,2,10,0,30.515148088825626,38.1698703564867,0.0,109,0.7110994560339263
2024-10-24,436,2438,386,10,66,7,3924,11.11111111111111,419.5891463425431,392.36026513067304,476.32829636124336,405.97470573660803,434.3442807459582,3.911172107407058,3,10,0,37.38478064107163,43.28439133232499,0.0,298,0.7167838578522271
2024-10-25,465,3296,336,10,90,20,2325,20.0,478.78593845653506,415.0552978398158,515.5974906943363,446.92061814817544,465.32639426707607,-2.8793532452053356,4,10,0,43.80366382504165,31.87143379887074,0.0,201,0.6413987202490117
2024-10-26,517,4166,400,7,57,9,4653,11.11111111111111,520.2737498572476,524.8135109045166,448.16646957358375,522.5436303808822,486.4899902390502,-0.6292360239481318,5,10,0,29.33912491727759,41.520213836961645,0.0,89,0.8702811495782948
2024-10-27,531,2766,416,7,99,20,3717,14.285714285714285,505.7608230721364,491.2918508114124,638.2084191109054,498.5263369417744,564.7501349611589,4.990338471563214,6,10,0,26.004288633809104,48.58452675235883,0.0,152,0.7168528732311702
2024-10-28,466,3810,384,8,81,16,4194,11.11111111111111,492.1858320916614,447.02966079377336,450.3155115166473,469.60774644271737,448.6725861552103,-5.32031407332032,0,10,0,42.87189172900263,56.32219935444883,0.0,143,0.6712186170332843
2024-10-29,620,4437,481,17,77,20,3720,16.666666666666664,621.7478348763561,572.5001338093921,647.1716986302738,597.1239843428741,609.8359162198329,-0.2811163591271243,1,10,0,31.504223925524226,31.570776569666094,0.0,116,0.7360768827525044
2024-10-30,514,4699,433,12,68,9,3598,14.285714285714285,498.1488669165917,549.1767530968766,608.19462527538,523.6628100067342,578.6856891861282,3.1820072544824924,2,10,0,43.935124893844815,46.00849103398688,0.0,161,0.6548240727638401
2024-10-31,416,3702,374,5,60,11,2912,14.285714285714285,452.48567798496447,362.9488976339338,446.6392494486643,407.71728780944915,404.7940735412991,-8.063388469541094,3,10,1,29.453521582461697,42.288656680850835,0.0,264,1.1483025584343816
2024-11-01,718,5087,525,9,101,25,4308,16.666666666666664,658.2807323004474,687.29944225106,545.7857888518153,672.7900872757536,616.5426155514376,9.07200602558362,4,11,0,25.331849612651958,56.468747305758264,0.0,165,0.7479735653200807
2024-11-02,442,2729,382,12,57,8,2652,16.666666666666664,479.69939973932674,427.7901212802441,322.8250796457585,453.7447605097854,375.3076004630013,-7.858963292389558,5,11,0,25.78783667385639,52.95799464276042,0.0,67,0.8578045689096269
2024-11-03,477,4431,403,13,84,13,2862,16.666666666666664,485.4288018817928,457.47818627382685,612.6016783028163,471.45349407780986,535.0399322883216,-1.7363621295477492,6,11,0,35.88397325007404,41.00956724148033,0.0,76,0.7238213071753432
2024-11-04,656,3712,526,9,71,12,4592,14.285714285714285,696.1011232636705,583.6611898431653,548.1847223497575,639.8811565534179,565.9229560964613,-5.760818640207957,0,11,0,41.34610624426473,67.21593680677302,0.0,257,0.6281094255991085
2024-11-05,541,3227,384,12,69,10,3246,16.666666666666664,558.6145568694919,621.2051719530273,625.0996183075603,589.9098644112596,623.1523951302938,-3.15325776116629,1,11,0,39.5505846045019,49.37564742403397,0.0,224,0.6572947475489167
2024-11-06,376,2955,323,9,43,5,3008,12.5,369.06022595402493,319.68506302704264,301.84414248456886,344.3726444905338,310.76460275580575,1.880390667413611,2,11,0,41.54713109652291,53.39354526755528,0.0,68,0.7036154330395122
2024-11-07,510,4327,376,11,64,17,4080,12.5,490.81501436474394,432.9107492485548,391.00796708359576,461.8628818066494,411.9593581660753,3.9088017020194368,3,11,0,37.96210069068247,65.00472178232188,0.0,128,0.7496032153398805
2024-11-08,551,5026,429,7,95,16,3306,16.666666666666664,499.7503049539399,658.9423135154174,395.6250524084831,579.3463092346786,527.2836829619503,10.255060284712297,4,11,0,33.890565061003194,50.18476098430782,0.0,117,0.7673061781521807
2024-11-09,597,5902,512,13,94,25,4179,14.285714285714285,654.9298418778266,660.9996979527945,573.4882886341842,657.9647699153105,617.2439932934893,-8.845198092016862,5,11,0,33.92883843593097,54.7508830816402,0.0,265,0.8408670631914361
2024-11-10,614,3688,544,14,111,23,4912,12.5,626.6719979374811,619.7962943806815,523.2203887014624,623.2341461590813,571.508341541072,-2.0221101276564997,6,11,0,34.41900117545029,49.68929260729633,0.0,273,0.8857193763061277
2024-11-11,520,3364,385,13,65,17,4160,12.5,474.3447428725611,475.868910161134,393.100691394789,475.10682651684755,434.4848007779615,9.624910534679373,0,11,0,44.27646321756947,35.40320584903043,0.0,244,0.7477487019231861
2024-11-12,590,4729,493,12,84,13,2950,20.0,533.1695647738885,581.5197386994631,746.843911682068,557.3446517366758,664.1818251907655,10.658979615652418,1,11,0,31.476391498048628,56.44562713714786,0.0,167,0.6612535774009229
2024-11-13,668,4070,475,8,107,28,4676,14.285714285714285,616.3556931650833,800.7741432070758,541.127722381012,708.5649181860795,670.9509327940439,8.378977821996761,2,11,0,36.88283725512915,46.45498285650358,0.0,122,0.6530162568677145
2024-11-14,468,2530,351,4,76,14,3744,12.5,488.9902237739189,466.6145337775236,505.46201665998933,477.80237877572125,486.03827521875644,-4.292565117543859,3,11,0,41.110518271521144,45.91536702228092,0.0,64,0.739238490060218
2024-11-15,497,4697,405,10,74,8,4473,11.11111111111111,507.0306533625132,465.38256400138897,621.4293374534644,486.2066086819511,543.4059507274267,-1.9783130065198538,4,11,0,33.13181074718945,35.73125834810564,0.0,85,0.6385741137379228
2024-11-16,340,3123,279,7,42,10,2380,14.285714285714285,368.85152081403703,316.3119906647859,264.06602916915807,342.5817557394115,290.189009916972,-7.821987760918852,5,11,0,33.84733066204838,31.698796370261327,0.0,189,0.7185429621620539
2024-11-17,587,3884,488,12,78,9,4696,12.5,636.8074518384059,577.7652760449033,586.6376273770284,607.2863639416546,582.2014517109658,-7.821430433110706,6,11,0,31.365240827714516,65.77060473025657,0.0,136,0.8064445749712388
2024-11-18,588,3287,411,14,79,11,5292,11.11111111111111,641.8174816016564,603.4632123842456,593.1019564266346,622.640346992951,598.28258440544,-8.385169171047629,0,11,0,26.70112770978482,51.95491206170399,0.0,71,0.764328313955791
2024-11-19,572,4765,513,8,79,15,4576,12.5,525.8561690425189,498.07402234852754,739.2537696245003,511.96509569552325,618.6638959865139,8.774990895609342,1,11,0,33.882071138132375,51.27487066020066,0.0,267,0.6202759684939727
2024-11-20,303,2236,231,5,56,12,2121,14.285714285714285,294.7990429798008,331.9069124754749,333.2909860310699,313.35297772763784,332.5989492532724,2.781880476037071,2,11,0,27.39123995504113,52.90571412462339,0.0,69,0.7583782647591459
2024-11-21,460,4032,402,9,79,17,4140,11.11111111111111,475.9805594858784,509.2197848286898,406.87822355536593,492.6001721572841,458.04900419202784,-3.357397517062361,3,11,0,34.841089787648016,61.860340788948335,0.0,92,0.7623144008703097
2024-11-22,470,4614,339,9,74,15,3760,12.5,484.27868136287134,532.4944304811276,604.0833939845542,508.38655592199945,568.2889122328409,-2.9484430994748423,4,11,0,34.48328592543973,32.66775525621795,0.0,60,0.6964548000163087
2024-11-23,475,3889,410,5,71,16,3800,12.5,456.7382360028492,496.59120156798286,588.411558631465,476.664718785416,542.501380099724,3.9982998044939,5,11,0,41.19848840605799,53.32520876398334,0.0,167,0.7114620620020973
2024-11-24,601,4018,533,12,104,29,5409,11.11111111111111,633.0365834098396,649.5866319689557,540.1856100763159,641.3116076893976,594.8861210226357,-5.06077914759289,6,11,0,38.51325804414146,45.83748904783799,0.0,98,0.7349179702494373
2024-11-25,574,4810,437,9,88,22,3444,16.666666666666664,583.7055494021859,681.7562881004475,531.9278252076431,632.7309187513167,606.8420566540453,-1.6627474952270012,0,11,0,26.24073527257563,43.5722106923827,0.0,213,0.7414852550323865
2024-11-26,402,2239,357,11,58,17,2412,16.666666666666664,411.1639482843809,420.7216509213967,391.73526507581704,415.94279960288884,406.22845799860687,-2.2287820521761046,1,11,0,32.93895945868586,48.2153254192243,0.0,266,0.7423555889981899
2024-11-27,499,4841,414,14,57,11,4491,11.11111111111111,460.1986329843543,572.4865913471702,438.33004247375663,516.3426121657623,505.40831691046344,8.431438999290744,2,11,0,28.250759749374158,57.02485238392973,0.0,53,0.7796710550335331
2024-11-28,415,2196,336,9,77,16,3735,11.11111111111111,394.60368220992376,381.04767548804205,422.46261491433376,387.8256788489829,401.75514520118793,5.168810811863047,3,11,0,38.56783771006026,53.71083763480739,0.0,170,0.7165372293109166
2024-11-29,567,3958,430,7,65,12,4536,12.5,579.9729608427122,572.3668627611856,505.46581123692135,576.169911801949,538.9163369990536,-2.2368216655932005,4,11,0,34.39830744067191,50.09963507307728,0.0,79,0.6248214735427554
2024-11-30,495,4034,428,12,63,18,2475,20.0,477.4868704649674,591.5744087416392,443.22838621299405,534.5306396033034,517.4013974773167,3.667771957368932,5,11,0,32.882720935652564,54.13336784848139,0.0,201,0.7242829811009944
2024-12-01,416,2923,334,8,80,18,2080,20.0,386.8085167181862,463.57796596116316,445.43571733763605,425.19324133967467,454.5068416493996,7.546752985038747,6,12,0,21.836945709961842,64.95499822084074,0.0,125,0.8442264714713648
2024-12-02,441,2496,347,10,60,6,3087,14.285714285714285,413.59481756979204,433.8260661572158,507.71325389922896,423.7104418635039,470.76966002822235,6.626094251189081,0,12,0,33.11077675857803,63.414901211369845,0.0,144,0.6367569330215802
2024-12-03,584,5315,505,12,79,20,3504,16.666666666666664,622.068893638642,614.7087739473936,683.6556778137642,618.3888337930177,649.1822258805789,-6.119723076967752,1,12,0,26.971259864355197,46.56564272862665,0.0,193,0.665677099923321
2024-12-04,488,3452,342,9,49,12,4392,11.11111111111111,498.1854696041617,539.4727309771827,494.851921405964,518.8291002906722,517.1623261915734,-2.0445135849214306,2,12,0,19.535452506392915,56.660879067721396,0.0,64,0.6974424013843827
2024-12-05,512,4160,359,6,89,13,3584,14.285714285714285,466.03778105552874,491.0680967022793,515.5965277536361,478.552938878904,503.3323122279577,9.862337521299551,3,12,0,24.665885699326502,45.31136401612162,0.0,296,0.6049529755152302
2024-12-06,488,2457,344,10,74,22,2440,20.0,493.6484707444232,577.7512071830267,355.8578516114994,535.6998389637249,466.8045293972631,-1.1442293614128487,4,12,0,16.96015369561482,31.762634462815257,0.0,218,0.6497638054039864
2024-12-07,360,3424,289,6,47,10,1800,20.0,329.5575021763057,312.46373854354425,279.4199933710741,321.010620359925,295.9418659573092,9.237385774154898,5,12,0,17.465675585978936,50.742467546629356,0.0,218,0.781577921701456
2024-12-08,610,3193,540,7,78,18,3050,20.0,555.7607383899539,568.7997433560525,707.3455963969956,562.2802408730032,638.0726698765241,9.759462636237668,6,12,0,23.273573579705207,56.11891687631757,0.0,269,0.7559272636986413
2024-12-09,592,3952,435,7,115,25,5328,11.11111111111111,560.851800877372,496.5614708846126,477.99203761925054,528.7066358809923,487.2767542519316,5.553730784834971,0,12,0,30.950280905929716,57.10183220735104,0.0,296,0.6272740654935132
2024-12-10,467,4160,367,10,76,20,4203,11.11111111111111,484.49340554520717,553.2298327562238,531.5141822870746,518.8616191507155,542.3720075216493,-3.610659163775737,1,12,0,24.79740953435489,55.22869777967717,0.0,220,0.7456024515592395
2024-12-11,424,4193,312,11,56,13,3392,12.5,443.6364677387842,402.3115885049921,429.56737308338074,422.9740281218881,415.9394807941864,-4.426251935254847,2,12,0,16.359465996388074,37.24902244198838,0.0,86,0.762629531033597
2024-12-12,420,2973,340,7,63,18,3360,12.5,434.7383078082598,402.52816235278334,327.51846932464684,418.63323508052156,365.0233158387151,-3.3901562258369164,3,12,0,18.17473526748619,67.97092424982468,0.0,134,0.651495795228745
2024-12-13,542,3886,393,9,73,11,3794,14.285714285714285,563.7586465072142,561.2995557246616,684.6537972830047,562.5291011159379,622.9766765038331,-3.8595676788321738,4,12,0,21.99708768361709,39.75207750840718,0.0,198,0.7548838989212607
2024-12-14,756,5935,560,18,77,13,4536,16.666666666666664,686.949269316052,816.2802545947993,679.1424706461335,751.6147619554256,747.7113626204664,10.051794763927338,5,12,0,29.894734556584197,46.49612241871465,0.0,70,0.7771107128802628
2024-12-15,364,3157,299,7,41,6,3276,11.11111111111111,332.03561094126843,392.24893549379607,294.71285465165596,362.14227321753225,343.480895072726,9.626795441644823,6,12,0,21.380901486644795,46.620562522482636,0.0,124,0.8013371581708005
2024-12-16,599,3066,489,17,70,13,4193,14.285714285714285,614.05669308891,611.1073906708557,565.707169402092,612.5820418798828,588.4072800364738,-2.4520037414086064,0,12,0,25.427540429474824,65.86298633876041,0.0,277,0.7712002149786306
2024-12-17,409,2608,326,5,64,10,3681,11.11111111111111,434.3711771587037,397.49456224490217,470.31562713814117,415.93286970180293,433.90509469152164,-5.840897944624436,1,12,0,33.26082933779712,52.88491854888825,0.0,196,0.7499907363604816
2024-12-18,461,4127,358,8,73,15,2305,20.0,422.4212081413679,384.98815091352475,370.22802873492833,403.70467952744633,377.60808982422657,9.132778164329586,2,12,0,25.361549960806897,38.55978714793254,0.0,237,0.7610233702632356
2024-12-19,459,2328,354,10,63,17,4131,11.11111111111111,486.41660063673925,538.4534396114734,326.8459636006344,512.4350201241064,432.6497016060539,-5.636444274486067,3,12,0,18.075674110264323,65.44685176223973,0.0,296,0.6273690333172713
2024-12-20,606,5714,523,6,105,14,3030,20.0,652.0259911580746,496.73114968468064,508.2209981051668,574.3785704213776,502.47607389492373,-7.058919702928872,4,12,0,32.94771434927429,40.247660577574194,0.0,148,0.6139438851667459
2024-12-21,556,5290,391,7,78,13,4448,12.5,584.6940948164472,613.8252331995707,493.4827011094089,599.2596640080089,553.6539671544898,-4.907539698251123,5,12,0,23.213652660205657,38.38761109720804,0.0,89,0.8786809458175975
2024-12-22,345,3253,251,4,45,4,3105,11.11111111111111,356.8479112878402,376.6447524658544,360.5375387059746,366.7463318768473,368.59114558591455,-3.3201571070100626,6,12,0,19.136357862667925,50.178237666774216,0.0,235,0.7775668539142189
2024-12-23,360,2065,266,5,58,10,2880,12.5,343.3796331113973,316.6029523961092,421.2116395191011,329.9912927537532,368.90729595760513,4.840230836641031,0,12,0,33.185053888739844,44.80928742738307,0.0,266,0.6575759356139361
2024-12-24,611,3492,508,13,62,15,4277,14.285714285714285,580.2715661173314,566.2607767599236,724.2157301920514,573.2661714386275,645.2382534759874,5.295526384012975,1,12,0,32.50977300791793,42.098652698458785,0.0,254,0.7449392508523649
2024-12-25,425,3976,364,6,81,9,3825,11.11111111111111,410.39360615005666,349.1412929825372,468.18603098139084,379.76744956629693,408.663661981964,3.5591182784174884,2,12,0,19.62559856631911,39.74284503458527,0.0,175,0.7672831193159714
2024-12-26,598,5565,435,17,79,18,4186,14.285714285714285,635.3087696626908,704.6233287724424,530.8755338327416,669.9660492175666,617.749431302592,-5.872541265643069,3,12,0,32.170129091031086,35.267476137448284,0.0,178,0.7724979243796603
2024-12-27,438,3499,313,10,71,16,3942,11.11111111111111,398.8984077372248,476.099866355207,431.5550179631624,437.4991370462159,453.82744215918467,9.802393668247854,4,12,0,31.98196039917352,45.335885642330354,0.0,90,0.6631994282250455
2024-12-28,553,4523,431,11,72,14,4977,11.11111111111111,606.2253206785742,648.6665498980641,696.9567198363853,627.4459352883191,672.8116348672247,-8.779791747892817,5,12,0,23.044474696942245,48.75159522027164,0.0,161,0.8704424782403348
2024-12-29,597,5065,461,16,103,12,3582,16.666666666666664,573.8723390283719,555.4745551800025,443.30209668859413,564.6734471041873,499.38832593429834,4.030105547652934,6,12,0,21.995921236151837,64.49986029606342,0.0,296,0.7081867888748691
2024-12-30,408,3961,309,10,56,7,3264,12.5,411.6113987004445,485.6471031871858,375.96454024449326,448.6292509438151,430.80582171583956,-0.8773806342211511,0,12,0,22.143846679860896,43.76366471397768,0.0,147,0.6099322982919437
2024-12-31,416,2428,329,4,46,8,2912,14.285714285714285,395.1977445202866,345.0077808252779,456.72130374421215,370.10276267278226,400.864542284745,5.263758654534918,1,12,0,26.90732740313745,46.60582615970983,0.0,134,0.7247038390348309
